CHROM:POS	REF	ALT	FILTER	ANN[0].GENE	ANN[0].EFFECT	ANN[0].IMPACT	ANN[0].HGVS_C	ANN[0].HGVS_P	GEN[0].GT	GEN[0].AD
PEKT02000007:34112	C	G	PASS	B9J08_002604	missense_variant	MODERATE	c.153C>G	p.His51Gln	1	0,249
PEKT02000007:34487	T	A	PASS	B9J08_002604	missense_variant	MODERATE	c.528T>A	p.Asn176Lys	1	0,201
PEKT02000007:41502	A	C	PASS	B9J08_002606	upstream_gene_variant	MODIFIER	c.-3691T>G	.	1	0,289
PEKT02000007:68067	T	C	PASS	B9J08_002617	missense_variant	MODERATE	c.913A>G	p.Ile305Val	1	0,529
PEKT02000007:81857	C	A	PASS	B9J08_002623	missense_variant	MODERATE	c.1219C>A	p.Pro407Thr	1	0,42
PEKT02000007:83413	A	C	PASS	B9J08_002623	synonymous_variant	LOW	c.2775A>C	p.Val925Val	1	0,40
PEKT02000007:103808	A	C	PASS	B9J08_002634	missense_variant	MODERATE	c.263A>C	p.His88Pro	1	0,349
PEKT02000007:109532	T	A	PASS	B9J08_002636	missense_variant	MODERATE	c.913A>T	p.Thr305Ser	1	0,246
PEKT02000007:111694	C	T	PASS	B9J08_002637	synonymous_variant	LOW	c.783G>A	p.Gln261Gln	1	1,211
PEKT02000007:128474	A	G	PASS	B9J08_002647	synonymous_variant	LOW	c.294T>C	p.Phe98Phe	1	0,98
PEKT02000007:155061	C	G	PASS	B9J08_002659	synonymous_variant	LOW	c.345C>G	p.Thr115Thr	1	0,119
PEKT02000007:182545	A	T	PASS	B9J08_002666	upstream_gene_variant	MODIFIER	c.-843T>A	.	1	2,304
PEKT02000007:197624	C	G	PASS	B9J08_002670	synonymous_variant	LOW	c.456G>C	p.Thr152Thr	1	0,146
PEKT02000007:206548	C	T	PASS	B9J08_002673	missense_variant	MODERATE	c.806G>A	p.Cys269Tyr	1	0,182
PEKT02000007:283357	A	T	PASS	B9J08_002708	missense_variant	MODERATE	c.1291A>T	p.Thr431Ser	1	0,404
PEKT02000007:285417	A	G	PASS	B9J08_002710	synonymous_variant	LOW	c.2196T>C	p.Tyr732Tyr	1	0,1256
PEKT02000007:295119	A	T	PASS	B9J08_002712	upstream_gene_variant	MODIFIER	c.-547T>A	.	1	0,224
PEKT02000007:298183	T	C	PASS	B9J08_002714	synonymous_variant	LOW	c.1059T>C	p.Ile353Ile	1	6,765
PEKT02000007:298557	A	G	PASS	B9J08_002714	missense_variant	MODERATE	c.1433A>G	p.Asn478Ser	1	1,899
PEKT02000007:328554	T	G	PASS	B9J08_002735	missense_variant	MODERATE	c.274T>G	p.Ser92Ala	1	0,420
PEKT02000007:336227	G	T	PASS	B9J08_002737	missense_variant	MODERATE	c.119G>T	p.Gly40Val	1	0,55
PEKT02000007:372179	A	T	PASS	B9J08_002756	synonymous_variant	LOW	c.825T>A	p.Ile275Ile	1	0,186
PEKT02000007:374962	T	A	PASS	B9J08_002758	missense_variant	MODERATE	c.1178T>A	p.Val393Glu	1	0,175
PEKT02000007:378624	G	C	PASS	B9J08_002759	synonymous_variant	LOW	c.1380C>G	p.Ser460Ser	1	0,891
PEKT02000007:421928	G	A	PASS	B9J08_002777	upstream_gene_variant	MODIFIER	c.-4026C>T	.	1	0,255
PEKT02000007:457940	G	A	PASS	B9J08_002798	synonymous_variant	LOW	c.6G>A	p.Ser2Ser	1	0,38
PEKT02000007:459851	T	A	PASS	B9J08_002799	missense_variant	MODERATE	c.275T>A	p.Met92Lys	1	0,1120
PEKT02000007:475056	T	G	PASS	B9J08_002813	upstream_gene_variant	MODIFIER	c.-2236T>G	.	1	0,123
PEKT02000007:485568	A	G	PASS	B9J08_002816	upstream_gene_variant	MODIFIER	c.-221T>C	.	1	0,75
PEKT02000007:515009	T	C	PASS	B9J08_002831	missense_variant	MODERATE	c.562T>C	p.Phe188Leu	1	0,131
PEKT02000007:516674	T	A	PASS	B9J08_002832	missense_variant	MODERATE	c.694T>A	p.Ser232Thr	1	0,44
PEKT02000007:516675	C	T	PASS	B9J08_002832	missense_variant	MODERATE	c.695C>T	p.Ser232Leu	1	0,44
PEKT02000007:527547	G	C	PASS	B9J08_002836	missense_variant	MODERATE	c.1561C>G	p.Arg521Gly	1	0,217
PEKT02000007:567011	C	A	PASS	B9J08_002852	missense_variant	MODERATE	c.576G>T	p.Met192Ile	1	0,1299
PEKT02000007:568924	A	T	PASS	B9J08_002853	synonymous_variant	LOW	c.1254T>A	p.Ala418Ala	1	0,78
PEKT02000007:649878	A	G	PASS	B9J08_002888	synonymous_variant	LOW	c.573T>C	p.Tyr191Tyr	1	0,538
PEKT02000007:657922	A	T	PASS	B9J08_002892	missense_variant	MODERATE	c.531A>T	p.Arg177Ser	1	0,171
PEKT02000007:666352	G	T	PASS	B9J08_002896	missense_variant	MODERATE	c.2053G>T	p.Ala685Ser	1	0,180
PEKT02000007:673927	G	C	PASS	B9J08_002900	missense_variant	MODERATE	c.955C>G	p.Leu319Val	1	0,1033
PEKT02000007:677688	A	G	PASS	B9J08_002901	synonymous_variant	LOW	c.1848A>G	p.Pro616Pro	1	0,97
PEKT02000007:713562	C	T	PASS	B9J08_002925	missense_variant	MODERATE	c.617C>T	p.Pro206Leu	1	0,281
PEKT02000007:722098	G	A	PASS	B9J08_002929	missense_variant	MODERATE	c.665C>T	p.Ala222Val	1	0,46
PEKT02000007:731346	G	A	PASS	B9J08_002931	synonymous_variant	LOW	c.2934G>A	p.Glu978Glu	1	0,225
PEKT02000007:738349	A	T	PASS	B9J08_002936	missense_variant	MODERATE	c.906T>A	p.Asp302Glu	1	2,152
PEKT02000007:739807	G	A	PASS	B9J08_002937	synonymous_variant	LOW	c.405C>T	p.Ser135Ser	1	0,246
PEKT02000007:755093	A	T	PASS	B9J08_002945	missense_variant	MODERATE	c.210A>T	p.Gln70His	1	0,248
PEKT02000007:755094	C	G	PASS	B9J08_002945	missense_variant	MODERATE	c.211C>G	p.Arg71Gly	1	0,248
PEKT02000007:766243	C	G	PASS	B9J08_002948	upstream_gene_variant	MODIFIER	c.-3649G>C	.	1	0,160
PEKT02000007:782691	A	G	PASS	B9J08_002957	missense_variant	MODERATE	c.134T>C	p.Leu45Ser	1	0,875
PEKT02000007:783796	C	T	PASS	B9J08_002958	missense_variant	MODERATE	c.956G>A	p.Arg319Gln	1	0,379
PEKT02000007:784953	T	C	PASS	B9J08_002959	stop_lost&splice_region_variant	HIGH	c.351A>G	p.Ter117Trpext*?	1	0,467
PEKT02000007:786496	A	G	PASS	B9J08_002957	upstream_gene_variant	MODIFIER	c.-3672T>C	.	1	0,197
PEKT02000007:827643	C	T	PASS	B9J08_002983	missense_variant	MODERATE	c.656C>T	p.Thr219Ile	1	0,361
PEKT02000007:846647	T	A	PASS	B9J08_002993	missense_variant	MODERATE	c.1131T>A	p.His377Gln	1	0,181
PEKT02000007:852884	A	G	PASS	B9J08_002994	upstream_gene_variant	MODIFIER	c.-4747T>C	.	1	0,301
PEKT02000007:880227	G	C	PASS	B9J08_003008	missense_variant	MODERATE	c.5315G>C	p.Arg1772Thr	1	0,544
PEKT02000007:908656	C	G	PASS	B9J08_003025	missense_variant	MODERATE	c.755G>C	p.Arg252Thr	1	0,112
PEKT02000007:953203	G	A	PASS	B9J08_003050	missense_variant	MODERATE	c.1900G>A	p.Gly634Ser	1	0,189
PEKT02000007:983407	C	T	PASS	B9J08_003068	synonymous_variant	LOW	c.255C>T	p.Ser85Ser	1	0,266
PEKT02000007:987231	A	C	PASS	B9J08_003069	missense_variant	MODERATE	c.2023T>G	p.Leu675Val	1	0,553
PEKT02000007:987344	C	T	PASS	B9J08_003069	missense_variant	MODERATE	c.1910G>A	p.Arg637Lys	1	0,457
PEKT02000007:998537	C	G	PASS	B9J08_003076	missense_variant	MODERATE	c.1651C>G	p.Pro551Ala	1	0,276
PEKT02000007:1088095	T	C	PASS	B9J08_003126	upstream_gene_variant	MODIFIER	c.-1158A>G	.	1	0,108
PEKT02000007:1100881	A	G	PASS	B9J08_003132	missense_variant	MODERATE	c.479T>C	p.Phe160Ser	1	0,124
PEKT02000007:1119823	A	T	PASS	B9J08_003145	missense_variant	MODERATE	c.184A>T	p.Ser62Cys	1	0,227
PEKT02000007:1130935	T	G	PASS	B9J08_003151	missense_variant	MODERATE	c.1459T>G	p.Phe487Val	1	0,177
PEKT02000007:1159777	T	C	PASS	B9J08_003166	synonymous_variant	LOW	c.690A>G	p.Lys230Lys	1	0,442
PEKT02000007:1163323	G	A	PASS	B9J08_003167	synonymous_variant	LOW	c.1593G>A	p.Val531Val	1	0,1083
PEKT02000007:1168656	T	C	PASS	B9J08_003172	synonymous_variant	LOW	c.1632A>G	p.Lys544Lys	1	0,548
PEKT02000007:1202298	T	A	PASS	B9J08_003188	missense_variant	MODERATE	c.1130A>T	p.His377Leu	1	0,121
PEKT02000007:1217822	A	G	PASS	B9J08_003195	synonymous_variant	LOW	c.252T>C	p.Asp84Asp	1	1,678
PEKT02000007:1231801	A	T	PASS	B9J08_003201	upstream_gene_variant	MODIFIER	c.-324T>A	.	1	0,100
PEKT02000007:1282531	G	T	PASS	B9J08_003227	missense_variant	MODERATE	c.1747C>A	p.Leu583Ile	1	0,131
PEKT02000007:1299549	T	C	PASS	B9J08_003232	missense_variant	MODERATE	c.220A>G	p.Lys74Glu	1	0,81
PEKT02000007:1319101	C	T	PASS	B9J08_003239	synonymous_variant	LOW	c.4437C>T	p.Asn1479Asn	1	0,50
PEKT02000007:1321777	A	G	PASS	B9J08_003241	upstream_gene_variant	MODIFIER	c.-535A>G	.	1	0,30
PEKT02000007:1324013	C	T	PASS	B9J08_003242	missense_variant	MODERATE	c.3160G>A	p.Ala1054Thr	1	0,447
PEKT02000007:1326033	C	G	PASS	B9J08_003242	missense_variant	MODERATE	c.1140G>C	p.Met380Ile	1	0,219
PEKT02000007:1334668	T	G	PASS	B9J08_003247	missense_variant	MODERATE	c.1976A>C	p.Gln659Pro	1	2,255
PEKT02000007:1337343	G	T	PASS	B9J08_003248	synonymous_variant	LOW	c.342C>A	p.Thr114Thr	1	10,5704
PEKT02000007:1453699	T	C	PASS	B9J08_003302	upstream_gene_variant	MODIFIER	c.-772T>C	.	1	0,69
PEKT02000007:1483574	G	A	PASS	B9J08_003315	missense_variant	MODERATE	c.545G>A	p.Gly182Glu	1	0,196
PEKT02000007:1501907	G	A	PASS	B9J08_003323	synonymous_variant	LOW	c.2184C>T	p.Phe728Phe	1	0,229
PEKT02000007:1502595	T	C	PASS	B9J08_003323	missense_variant	MODERATE	c.1496A>G	p.Asp499Gly	1	0,254
PEKT02000007:1515848	A	G	PASS	B9J08_003331	synonymous_variant	LOW	c.123A>G	p.Arg41Arg	1	1,2274
PEKT02000007:1516058	C	T	PASS	B9J08_003331	synonymous_variant	LOW	c.333C>T	p.Cys111Cys	1	0,2403
PEKT02000007:1524574	A	G	PASS	B9J08_003340	missense_variant	MODERATE	c.802T>C	p.Ser268Pro	1	0,205
PEKT02000007:1533528	T	A	PASS	B9J08_003346	missense_variant	MODERATE	c.130A>T	p.Ile44Phe	1	0,337
PEKT02000007:1596055	C	T	PASS	B9J08_003375	stop_gained	HIGH	c.1141C>T	p.Gln381*	1	0,246
PEKT02000007:1649205	T	G	PASS	B9J08_003401	missense_variant	MODERATE	c.599T>G	p.Met200Arg	1	0,40
PEKT02000007:1653040	A	T	PASS	B9J08_003401	missense_variant	MODERATE	c.4434A>T	p.Glu1478Asp	1	1,91
PEKT02000007:1666044	C	T	PASS	B9J08_003406	missense_variant	MODERATE	c.551G>A	p.Cys184Tyr	1	0,442
PEKT02000007:1669017	T	G	PASS	B9J08_003405	upstream_gene_variant	MODIFIER	c.-3360A>C	.	1	0,74
PEKT02000007:1679111	G	A	PASS	B9J08_003412	missense_variant	MODERATE	c.179C>T	p.Ala60Val	1	0,427
PEKT02000007:1684538	T	C	PASS	B9J08_003414	synonymous_variant	LOW	c.2748A>G	p.Thr916Thr	1	0,251
PEKT02000007:1727090	C	G	PASS	B9J08_003434	missense_variant	MODERATE	c.1102G>C	p.Gly368Arg	1	0,150
PEKT02000007:1732050	G	A	PASS	B9J08_003437	missense_variant	MODERATE	c.22G>A	p.Gly8Arg	1	1,1798
PEKT02000007:1740477	G	A	PASS	B9J08_003439	upstream_gene_variant	MODIFIER	c.-3930C>T	.	1	0,37
PEKT02000007:1779078	T	C	PASS	B9J08_003455	upstream_gene_variant	MODIFIER	c.-104T>C	.	1	0,32
PEKT02000007:1832284	G	T	PASS	B9J08_003479	missense_variant	MODERATE	c.690C>A	p.Asn230Lys	1	0,125
PEKT02000007:1832587	T	C	PASS	B9J08_003479	synonymous_variant	LOW	c.387A>G	p.Gln129Gln	1	1,107
PEKT02000007:1866726	C	T	PASS	B9J08_003498	missense_variant	MODERATE	c.1243G>A	p.Glu415Lys	1	0,142
PEKT02000007:1870661	A	T	PASS	B9J08_003498	upstream_gene_variant	MODIFIER	c.-2693T>A	.	1	0,43
PEKT02000007:1900189	T	A	PASS	B9J08_003514	synonymous_variant	LOW	c.240T>A	p.Ala80Ala	1	0,139
PEKT02000007:1909418	A	T	PASS	B9J08_003518	missense_variant	MODERATE	c.1782T>A	p.Asp594Glu	1	0,205
PEKT02000007:1912793	A	G	PASS	B9J08_003519	missense_variant	MODERATE	c.131A>G	p.Asp44Gly	1	0,451
PEKT02000007:1921310	T	C	PASS	B9J08_003524	missense_variant	MODERATE	c.277A>G	p.Lys93Glu	1	0,315
PEKT02000007:1923137	A	G	PASS	B9J08_003525	synonymous_variant	LOW	c.408T>C	p.Asn136Asn	1	0,90
PEKT02000007:2034227	C	T	PASS	B9J08_003583	missense_variant	MODERATE	c.1943G>A	p.Ser648Asn	1	0,396
PEKT02000007:2037766	C	T	PASS	B9J08_003584	missense_variant	MODERATE	c.97G>A	p.Glu33Lys	1	0,849
PEKT02000007:2055821	C	A	PASS	B9J08_003589	synonymous_variant	LOW	c.2709C>A	p.Leu903Leu	1	0,72
PEKT02000007:2107755	C	G	PASS	B9J08_003611	upstream_gene_variant	MODIFIER	c.-3257G>C	.	1	0,76
PEKT02000007:2110350	T	A	PASS	B9J08_003613	upstream_gene_variant	MODIFIER	c.-2066T>A	.	1	1,66
PEKT02000007:2111187	G	A	PASS	B9J08_003613	upstream_gene_variant	MODIFIER	c.-1229G>A	.	1	2,4436
PEKT02000007:2115899	A	T	PASS	B9J08_003615	missense_variant	MODERATE	c.1222T>A	p.Phe408Ile	1	0,2586
PEKT02000007:2125974	C	T	PASS	B9J08_003619	synonymous_variant	LOW	c.1506G>A	p.Lys502Lys	1	0,220
PEKT02000007:2134098	T	A	PASS	B9J08_003621	synonymous_variant	LOW	c.366A>T	p.Val122Val	1	0,69
PEKT02000007:2159402	C	T	PASS	B9J08_003632	missense_variant	MODERATE	c.1204G>A	p.Val402Ile	1	3,4221
PEKT02000007:2159598	G	A	PASS	B9J08_003632	synonymous_variant	LOW	c.1008C>T	p.Ser336Ser	1	2,3340
PEKT02000007:2162946	G	A	PASS	B9J08_003633	synonymous_variant	LOW	c.2202C>T	p.Asp734Asp	1	0,218
PEKT02000007:2173164	A	T	PASS	B9J08_003639	missense_variant	MODERATE	c.2845T>A	p.Leu949Met	1	0,78
PEKT02000007:2178186	T	C	PASS	B9J08_003640	synonymous_variant	LOW	c.777A>G	p.Lys259Lys	1	0,130
PEKT02000007:2212806	T	C	PASS	B9J08_003660	synonymous_variant	LOW	c.1314A>G	p.Gln438Gln	1	0,315
PEKT02000007:2222284	C	G	PASS	B9J08_003662	downstream_gene_variant	MODIFIER	c.*3092C>G	.	1	0,500
PEKT02000007:2237320	G	A	PASS	B9J08_003672	synonymous_variant	LOW	c.168G>A	p.Glu56Glu	1	0,80
PEKT02000007:2249451	G	A	PASS	B9J08_003681	synonymous_variant	LOW	c.525C>T	p.Ile175Ile	1	1,3460
PEKT02000007:2252269	C	T	PASS	B9J08_003683	synonymous_variant	LOW	c.252C>T	p.His84His	1	0,119
PEKT02000007:2255021	C	T	PASS	B9J08_003684	missense_variant	MODERATE	c.139C>T	p.Arg47Trp	1	0,1203
PEKT02000007:2262149	A	G	PASS	B9J08_003689	synonymous_variant	LOW	c.585T>C	p.Pro195Pro	1	0,194
PEKT02000007:2294285	A	G	PASS	B9J08_003706	upstream_gene_variant	MODIFIER	c.-600A>G	.	1	0,60
PEKT02000007:2309079	T	C	PASS	B9J08_003708	upstream_gene_variant	MODIFIER	c.-4362A>G	.	1	0,89
PEKT02000007:2318806	A	G	PASS	B9J08_003713	missense_variant	MODERATE	c.2191A>G	p.Thr731Ala	1	0,115
PEKT02000007:2330224	G	A	PASS	B9J08_003720	synonymous_variant	LOW	c.3339C>T	p.Phe1113Phe	1	0,174
PEKT02000007:2381547	T	A	PASS	B9J08_003741	missense_variant	MODERATE	c.322T>A	p.Phe108Ile	1	0,211
PEKT02000007:2390499	T	C	PASS	B9J08_003745	upstream_gene_variant	MODIFIER	c.-2622A>G	.	1	0,109
PEKT02000007:2398688	C	G	PASS	B9J08_003752	missense_variant	MODERATE	c.545C>G	p.Ala182Gly	1	1,46
PEKT02000007:2423100	G	C	PASS	B9J08_003765	upstream_gene_variant	MODIFIER	c.-3088C>G	.	1	0,75
PEKT02000007:2423842	A	T	PASS	B9J08_003765	upstream_gene_variant	MODIFIER	c.-3830T>A	.	1	0,54
PEKT02000007:2432820	C	G	PASS	B9J08_003772	upstream_gene_variant	MODIFIER	c.-3666C>G	.	1	0,44
PEKT02000007:2443487	C	T	PASS	B9J08_003774	missense_variant	MODERATE	c.769G>A	p.Asp257Asn	1	0,546
PEKT02000007:2452768	T	A	PASS	B9J08_003776	missense_variant	MODERATE	c.698A>T	p.Tyr233Phe	1	0,110
PEKT02000007:2457412	G	C	PASS	B9J08_003776	upstream_gene_variant	MODIFIER	c.-3947C>G	.	1	0,1005
PEKT02000007:2461659	T	A	PASS	B9J08_003780	missense_variant	MODERATE	c.2974T>A	p.Phe992Ile	1	0,212
PEKT02000007:2462216	A	G	PASS	B9J08_003780	missense_variant	MODERATE	c.3531A>G	p.Ile1177Met	1	0,242
PEKT02000007:2504994	C	T	PASS	B9J08_003796	missense_variant	MODERATE	c.443C>T	p.Ala148Val	1	0,81
PEKT02000007:2523443	G	A	PASS	B9J08_003802	synonymous_variant	LOW	c.2148C>T	p.Leu716Leu	1	0,432
PEKT02000007:2523672	A	T	PASS	B9J08_003802	missense_variant	MODERATE	c.1919T>A	p.Met640Lys	1	0,310
PEKT02000007:2528431	G	T	PASS	B9J08_003802	upstream_gene_variant	MODIFIER	c.-2841C>A	.	1	1,202
PEKT02000007:2529453	C	T	PASS	B9J08_003802	upstream_gene_variant	MODIFIER	c.-3863G>A	.	1	0,560
PEKT02000007:2546825	G	A	PASS	B9J08_003810	missense_variant	MODERATE	c.448G>A	p.Glu150Lys	1	0,246
PEKT02000007:2548225	T	C	PASS	B9J08_003812	missense_variant	MODERATE	c.970A>G	p.Lys324Glu	1	1,170
PEKT02000007:2594308	G	C	PASS	B9J08_003834	missense_variant	MODERATE	c.1238G>C	p.Arg413Thr	1	0,193
PEKT02000007:2598567	A	G	PASS	B9J08_003836	upstream_gene_variant	MODIFIER	c.-705A>G	.	1	0,216
PEKT02000007:2604516	G	T	PASS	B9J08_003839	missense_variant	MODERATE	c.459G>T	p.Leu153Phe	1	0,604
PEKT02000007:2625911	G	A	PASS	B9J08_003849	synonymous_variant	LOW	c.480G>A	p.Gly160Gly	1	0,1025
PEKT02000007:2643134	T	C	PASS	B9J08_003857	synonymous_variant	LOW	c.840A>G	p.Val280Val	1	0,126
PEKT02000007:2706143	A	T	PASS	B9J08_003882	upstream_gene_variant	MODIFIER	c.-4593T>A	.	1	0,44
PEKT02000007:2719634	G	A	PASS	B9J08_003891	missense_variant	MODERATE	c.134C>T	p.Ser45Leu	1	0,257
PEKT02000007:2721892	G	A	PASS	B9J08_003892	missense_variant	MODERATE	c.1470G>A	p.Met490Ile	1	0,73
PEKT02000007:2776751	T	A	PASS	B9J08_003915	missense_variant	MODERATE	c.2858T>A	p.Met953Lys	1	1,401
PEKT02000007:2783579	A	C	PASS	B9J08_003920	synonymous_variant	LOW	c.1998T>G	p.Pro666Pro	1	0,178
PEKT02000007:2815965	C	T	PASS	B9J08_003931	missense_variant	MODERATE	c.1459G>A	p.Ala487Thr	1	0,267
PEKT02000007:2816335	A	T	PASS	B9J08_003931	missense_variant	MODERATE	c.1089T>A	p.Asp363Glu	1	0,179
PEKT02000007:2821119	G	T	PASS	B9J08_003934	missense_variant	MODERATE	c.976G>T	p.Val326Phe	1	0,250
PEKT02000007:2840821	C	A	PASS	B9J08_003944	missense_variant	MODERATE	c.1044G>T	p.Leu348Phe	1	0,808
PEKT02000007:2878419	C	G	PASS	B9J08_003959	synonymous_variant	LOW	c.360C>G	p.Ser120Ser	1	0,1666
PEKT02000007:2900662	T	A	PASS	B9J08_003970	synonymous_variant	LOW	c.1392A>T	p.Val464Val	1	0,341
PEKT02000007:2900663	A	T	PASS	B9J08_003970	missense_variant	MODERATE	c.1391T>A	p.Val464Glu	1	0,341
PEKT02000007:2900998	A	T	PASS	B9J08_003970	missense_variant	MODERATE	c.1056T>A	p.Ser352Arg	1	0,357
PEKT02000007:2907394	C	T	PASS	B9J08_003973	missense_variant	MODERATE	c.457G>A	p.Asp153Asn	1	0,1462
PEKT02000007:2936771	T	A	PASS	B9J08_003986	upstream_gene_variant	MODIFIER	c.-4264A>T	.	1	0,68
PEKT02000007:2948167	A	T	PASS	B9J08_003991	upstream_gene_variant	MODIFIER	c.-4506T>A	.	1	0,242
PEKT02000007:3012666	T	A	PASS	B9J08_004021	upstream_gene_variant	MODIFIER	c.-4814A>T	.	1	0,672
PEKT02000007:3022409	G	C	PASS	B9J08_004027	upstream_gene_variant	MODIFIER	c.-2807G>C	.	1	0,560
PEKT02000007:3023079	G	T	PASS	B9J08_004027	upstream_gene_variant	MODIFIER	c.-2137G>T	.	1	0,247
PEKT02000007:3032449	A	G	PASS	B9J08_004028	upstream_gene_variant	MODIFIER	c.-2415T>C	.	1	0,78
PEKT02000007:3063337	G	A	PASS	B9J08_004043	missense_variant	MODERATE	c.1322G>A	p.Gly441Asp	1	0,272
PEKT02000007:3075311	G	A	PASS	B9J08_004050	missense_variant	MODERATE	c.62G>A	p.Arg21Lys	1	1,663
PEKT02000007:3136594	G	T	PASS	B9J08_004086	missense_variant	MODERATE	c.781C>A	p.Arg261Ser	1	0,166
PEKT02000007:3141296	C	T	PASS	B9J08_004086	upstream_gene_variant	MODIFIER	c.-3922G>A	.	1	0,90
PEKT02000010:46682	A	T	PASS	B9J08_004911	missense_variant	MODERATE	c.285A>T	p.Glu95Asp	1	0,298
PEKT02000010:96904	C	T	PASS	B9J08_004936	missense_variant	MODERATE	c.1582G>A	p.Glu528Lys	1	0,505
PEKT02000010:98220	A	T	PASS	B9J08_004936	missense_variant	MODERATE	c.266T>A	p.Phe89Tyr	1	0,378
PEKT02000010:112428	C	T	PASS	B9J08_004944	synonymous_variant	LOW	c.997C>T	p.Leu333Leu	1	0,276
PEKT02000010:122482	A	T	PASS	B9J08_004948	missense_variant	MODERATE	c.2267A>T	p.Gln756Leu	1	0,236
PEKT02000010:152025	A	G	PASS	B9J08_004961	upstream_gene_variant	MODIFIER	c.-1276T>C	.	1	0,77
PEKT02000010:159880	A	T	PASS	B9J08_004966	missense_variant	MODERATE	c.493A>T	p.Ile165Phe	1	0,318
PEKT02000010:163662	T	C	PASS	B9J08_004967	synonymous_variant	LOW	c.1359T>C	p.Ser453Ser	1	0,87
PEKT02000010:164395	A	G	PASS	B9J08_004967	missense_variant	MODERATE	c.2092A>G	p.Met698Val	1	0,159
PEKT02000010:169918	G	A	PASS	B9J08_004968	missense_variant	MODERATE	c.3325G>A	p.Val1109Ile	1	0,446
PEKT02000010:178970	A	G	PASS	B9J08_004971	upstream_gene_variant	MODIFIER	c.-4035T>C	.	1	0,67
PEKT02000010:189294	G	A	PASS	B9J08_004979	missense_variant	MODERATE	c.592G>A	p.Gly198Arg	1	0,447
PEKT02000010:190254	C	T	PASS	B9J08_004980	missense_variant	MODERATE	c.300G>A	p.Met100Ile	1	0,102
PEKT02000010:212215	C	T	PASS	B9J08_004988	missense_variant&splice_region_variant	MODERATE	c.23G>A	p.Arg8His	1	2,1026
PEKT02000010:235910	T	G	PASS	B9J08_005003	synonymous_variant	LOW	c.771A>C	p.Leu257Leu	1	0,539
PEKT02000010:246311	T	A	PASS	B9J08_005008	missense_variant	MODERATE	c.1051T>A	p.Leu351Met	1	0,185
PEKT02000010:257409	G	A	PASS	B9J08_005014	missense_variant	MODERATE	c.244C>T	p.Arg82Cys	1	0,43
PEKT02000010:294084	T	A	PASS	B9J08_005032	synonymous_variant	LOW	c.462T>A	p.Val154Val	1	0,151
PEKT02000010:294086	A	G	PASS	B9J08_005032	missense_variant	MODERATE	c.464A>G	p.Tyr155Cys	1	0,151
PEKT02000010:330158	C	A	PASS	B9J08_005048	synonymous_variant	LOW	c.252C>A	p.Arg84Arg	1	0,239
PEKT02000010:334731	C	G	PASS	B9J08_005050	missense_variant	MODERATE	c.336C>G	p.Asn112Lys	1	1,120
PEKT02000010:354184	A	T	PASS	B9J08_005059	missense_variant	MODERATE	c.1554A>T	p.Arg518Ser	1	0,99
PEKT02000010:357267	G	A	PASS	B9J08_005059	missense_variant	MODERATE	c.4637G>A	p.Arg1546Lys	1	0,401
PEKT02000010:362071	A	G	PASS	B9J08_005062	synonymous_variant	LOW	c.501T>C	p.Thr167Thr	1	0,86
PEKT02000010:376911	G	C	PASS	B9J08_005066	missense_variant	MODERATE	c.2209G>C	p.Ala737Pro	1	0,173
PEKT02000010:390310	T	A	PASS	B9J08_005073	upstream_gene_variant	MODIFIER	c.-129A>T	.	1	0,329
PEKT02000010:426639	G	T	PASS	B9J08_005092	missense_variant	MODERATE	c.448G>T	p.Ala150Ser	1	0,1011
PEKT02000010:437720	A	C	PASS	B9J08_005098	missense_variant	MODERATE	c.2318A>C	p.Asn773Thr	1	0,208
PEKT02000010:479216	G	A	PASS	B9J08_005115	synonymous_variant	LOW	c.1122C>T	p.Gly374Gly	1	0,131
PEKT02000010:572497	T	A	PASS	B9J08_005166	synonymous_variant	LOW	c.1041A>T	p.Pro347Pro	1	0,160
PEKT02000010:592124	A	G	PASS	B9J08_005174	synonymous_variant	LOW	c.822A>G	p.Lys274Lys	1	0,453
PEKT02000010:604552	A	G	PASS	B9J08_005181	missense_variant	MODERATE	c.92T>C	p.Val31Ala	1	1,585
PEKT02000010:618100	T	A	PASS	B9J08_005188	missense_variant	MODERATE	c.422T>A	p.Leu141Gln	1	0,496
PEKT02000010:619966	A	G	PASS	B9J08_005188	missense_variant	MODERATE	c.2288A>G	p.Asp763Gly	1	2,741
PEKT02000010:622157	A	T	PASS	B9J08_005190	missense_variant	MODERATE	c.840T>A	p.His280Gln	1	0,67
PEKT02000010:630108	A	G	PASS	B9J08_005195	missense_variant	MODERATE	c.356T>C	p.Val119Ala	1	1,500
PEKT02000010:631296	A	G	PASS	B9J08_005196	missense_variant	MODERATE	c.144A>G	p.Ile48Met	1	0,709
PEKT02000010:681278	T	G	PASS	B9J08_005216	downstream_gene_variant	MODIFIER	c.*609T>G	.	1	0,36
PEKT02000010:686127	A	T	PASS	B9J08_005217	missense_variant	MODERATE	c.328T>A	p.Phe110Ile	1	15,507
PEKT02000010:692699	G	A	PASS	B9J08_005220	missense_variant	MODERATE	c.3782C>T	p.Pro1261Leu	1	0,349
PEKT02000010:728997	T	A	PASS	B9J08_005233	synonymous_variant	LOW	c.141A>T	p.Ile47Ile	1	0,509
PEKT02000010:733408	T	A	PASS	B9J08_005235	missense_variant	MODERATE	c.593A>T	p.Glu198Val	1	0,521
PEKT02000010:738197	G	A	PASS	B9J08_005237	missense_variant	MODERATE	c.812C>T	p.Ala271Val	1	1,1266
PEKT02000010:763675	G	C	PASS	B9J08_005249	missense_variant	MODERATE	c.2763G>C	p.Glu921Asp	1	0,367
PEKT02000010:775933	G	A	PASS	B9J08_005257	missense_variant	MODERATE	c.760C>T	p.Pro254Ser	1	0,43
PEKT02000010:781320	A	C	PASS	B9J08_005257	upstream_gene_variant	MODIFIER	c.-4628T>G	.	1	0,85
PEKT02000010:785490	T	G	PASS	B9J08_005260	upstream_gene_variant	MODIFIER	c.-530T>G	.	1	0,42
PEKT02000010:796544	G	A	PASS	B9J08_005264	missense_variant	MODERATE	c.350C>T	p.Ser117Phe	1	0,218
PEKT02000010:807889	C	T	PASS	B9J08_005269	synonymous_variant	LOW	c.21C>T	p.Ile7Ile	1	0,206
PEKT02000010:851674	T	C	PASS	B9J08_005289	missense_variant	MODERATE	c.1721T>C	p.Val574Ala	1	0,237
PEKT02000010:855641	C	G	PASS	B9J08_005293	missense_variant	MODERATE	c.459G>C	p.Glu153Asp	1	0,60
PEKT02000010:859671	T	A	PASS	B9J08_005294	missense_variant	MODERATE	c.1072T>A	p.Tyr358Asn	1	0,206
PEKT02000010:902488	T	C	PASS	B9J08_005313	upstream_gene_variant	MODIFIER	c.-2733A>G	.	1	0,221
PEKT02000010:903524	A	G	PASS	B9J08_005315	missense_variant	MODERATE	c.293T>C	p.Val98Ala	1	0,145
PEKT02000010:922132	C	A	PASS	B9J08_005323	missense_variant	MODERATE	c.1280G>T	p.Cys427Phe	1	0,163
PEKT02000010:929091	T	C	PASS	B9J08_005325	missense_variant	MODERATE	c.1517T>C	p.Ile506Thr	1	0,189
PEKT02000010:984101	A	C	PASS	B9J08_005348	missense_variant	MODERATE	c.1949A>C	p.Glu650Ala	1	0,211
PEKT02000010:991471	T	C	PASS	B9J08_005353	missense_variant	MODERATE	c.2371A>G	p.Ile791Val	1	0,418
PEKT02000010:991660	C	T	PASS	B9J08_005353	missense_variant	MODERATE	c.2182G>A	p.Val728Ile	1	0,386
PEKT02000010:1003124	G	A	PASS	B9J08_005357	missense_variant	MODERATE	c.2477G>A	p.Ser826Asn	1	0,65
PEKT02000010:1040235	T	C	PASS	B9J08_005376	missense_variant	MODERATE	c.434A>G	p.Gln145Arg	1	0,97
PEKT02000010:1049192	C	G	PASS	B9J08_005380	missense_variant	MODERATE	c.297C>G	p.Asp99Glu	1	1,2156
PEKT02000010:1084684	A	G	PASS	B9J08_005391	missense_variant	MODERATE	c.3635A>G	p.Asp1212Gly	1	1,184
PEKT02000010:1095804	A	G	PASS	B9J08_005396	missense_variant	MODERATE	c.2179A>G	p.Met727Val	1	1,46
PEKT02000010:1098519	A	C	PASS	B9J08_005397	missense_variant	MODERATE	c.208A>C	p.Ser70Arg	1	3,2092
PEKT02000010:1112570	G	T	PASS	B9J08_005404	missense_variant	MODERATE	c.108G>T	p.Trp36Cys	1	0,460
PEKT02000010:1125652	G	A	PASS	B9J08_005406	missense_variant	MODERATE	c.10069G>A	p.Ala3357Thr	1	0,553
PEKT02000010:1132331	C	A	PASS	B9J08_005410	missense_variant	MODERATE	c.578C>A	p.Ala193Glu	1	1,1550
PEKT02000010:1133480	A	C	PASS	B9J08_005411	missense_variant	MODERATE	c.1171T>G	p.Leu391Val	1	0,169
PEKT02000010:1148912	G	A	PASS	B9J08_005418	missense_variant	MODERATE	c.331G>A	p.Glu111Lys	1	0,638
PEKT02000010:1195340	A	T	PASS	B9J08_005431	upstream_gene_variant	MODIFIER	c.-3108T>A	.	1	0,158
PEKT02000010:1201227	G	A	PASS	B9J08_005434	synonymous_variant	LOW	c.3381G>A	p.Pro1127Pro	1	0,97
PEKT02000010:1220705	C	G	PASS	B9J08_005443	upstream_gene_variant	MODIFIER	c.-199C>G	.	1	0,140
PEKT02000010:1237151	C	A	PASS	B9J08_005453	synonymous_variant	LOW	c.987C>A	p.Ile329Ile	1	2,1352
PEKT02000010:1238227	A	G	PASS	B9J08_005454	synonymous_variant	LOW	c.216A>G	p.Leu72Leu	1	0,443
PEKT02000010:1243938	T	C	PASS	B9J08_005457	synonymous_variant	LOW	c.678A>G	p.Pro226Pro	1	0,226
PEKT02000010:1245258	A	T	PASS	B9J08_005455	upstream_gene_variant	MODIFIER	c.-4088T>A	.	1	0,54
PEKT02000010:1252306	A	C	PASS	B9J08_005463	missense_variant	MODERATE	c.616A>C	p.Asn206His	1	0,130
PEKT02000010:1253925	G	C	PASS	B9J08_005464	missense_variant	MODERATE	c.2109C>G	p.Asn703Lys	1	0,267
PEKT02000010:1261701	A	G	PASS	B9J08_005469	missense_variant	MODERATE	c.1019T>C	p.Phe340Ser	1	0,259
PEKT02000010:1272133	G	A	PASS	B9J08_005476	synonymous_variant	LOW	c.2202C>T	p.Ile734Ile	1	0,322
PEKT02000010:1272141	T	A	PASS	B9J08_005476	missense_variant	MODERATE	c.2194A>T	p.Ser732Cys	1	0,312
PEKT02000010:1344411	G	T	PASS	B9J08_005511	missense_variant	MODERATE	c.1923G>T	p.Leu641Phe	1	0,67
PEKT02000010:1375712	C	T	PASS	B9J08_005524	missense_variant	MODERATE	c.710C>T	p.Ser237Leu	1	0,58
PEKT02000010:1392113	C	T	PASS	B9J08_005531	missense_variant	MODERATE	c.241C>T	p.His81Tyr	1	0,517
PEKT02000002:16067	T	A	PASS	B9J08_000510	missense_variant	MODERATE	c.569T>A	p.Met190Lys	1	0,173
PEKT02000002:38118	G	C	PASS	B9J08_000514	missense_variant	MODERATE	c.812G>C	p.Ser271Thr	1	0,266
PEKT02000002:38523	T	C	PASS	B9J08_000514	missense_variant	MODERATE	c.1217T>C	p.Leu406Ser	1	0,437
PEKT02000002:63940	A	G	PASS	B9J08_000526	missense_variant	MODERATE	c.1759A>G	p.Asn587Asp	1	4,205
PEKT02000002:63941	A	C	PASS	B9J08_000526	missense_variant	MODERATE	c.1760A>C	p.Asn587Thr	1	0,274
PEKT02000002:65368	C	A	PASS	B9J08_000525	upstream_gene_variant	MODIFIER	c.-3333G>T	.	1	0,346
PEKT02000002:75626	G	T	PASS	B9J08_000534	missense_variant	MODERATE	c.1865C>A	p.Ser622Tyr	1	0,113
PEKT02000002:120184	A	T	PASS	B9J08_000561	missense_variant	MODERATE	c.879T>A	p.Asp293Glu	1	0,195
PEKT02000002:141046	C	G	PASS	B9J08_000573	missense_variant	MODERATE	c.1050C>G	p.Asn350Lys	1	0,160
PEKT02000002:174429	C	T	PASS	B9J08_000586	upstream_gene_variant	MODIFIER	c.-4672G>A	.	1	0,44
PEKT02000002:190498	C	A	PASS	B9J08_000594	missense_variant	MODERATE	c.961C>A	p.His321Asn	1	0,223
PEKT02000002:199617	A	T	PASS	B9J08_000599	missense_variant	MODERATE	c.1619T>A	p.Leu540Gln	1	0,115
PEKT02000002:207384	C	T	PASS	B9J08_000602	synonymous_variant	LOW	c.1554C>T	p.Asp518Asp	1	0,755
PEKT02000002:229394	G	T	PASS	B9J08_000611	missense_variant	MODERATE	c.1710G>T	p.Glu570Asp	1	0,150
PEKT02000002:249396	A	G	PASS	B9J08_000616	upstream_gene_variant	MODIFIER	c.-834T>C	.	1	0,30
PEKT02000002:252832	T	G	PASS	B9J08_000620	missense_variant	MODERATE	c.958A>C	p.Lys320Gln	1	0,256
PEKT02000002:259729	T	C	PASS	B9J08_000626	missense_variant	MODERATE	c.883A>G	p.Arg295Gly	1	0,248
PEKT02000002:260242	T	C	PASS	B9J08_000626	missense_variant	MODERATE	c.370A>G	p.Asn124Asp	1	0,266
PEKT02000002:274429	A	G	PASS	B9J08_000631	upstream_gene_variant	MODIFIER	c.-2630T>C	.	1	0,250
PEKT02000002:298870	A	G	PASS	B9J08_000649	missense_variant	MODERATE	c.67T>C	p.Phe23Leu	1	1,1243
PEKT02000002:306614	C	T	PASS	B9J08_000653	synonymous_variant	LOW	c.345G>A	p.Pro115Pro	1	0,289
PEKT02000002:309299	G	C	PASS	B9J08_000654	missense_variant	MODERATE	c.294G>C	p.Lys98Asn	1	0,1579
PEKT02000002:361305	T	A	PASS	B9J08_000675	upstream_gene_variant	MODIFIER	c.-1509A>T	.	1	0,34
PEKT02000002:366239	G	A	PASS	B9J08_000679	missense_variant	MODERATE	c.181G>A	p.Gly61Arg	1	0,824
PEKT02000002:382385	G	A	PASS	B9J08_000686	missense_variant	MODERATE	c.139G>A	p.Glu47Lys	1	0,201
PEKT02000002:455274	G	T	PASS	B9J08_000717	missense_variant	MODERATE	c.1130G>T	p.Arg377Leu	1	0,111
PEKT02000002:483637	T	C	PASS	B9J08_000730	missense_variant	MODERATE	c.608T>C	p.Val203Ala	1	0,292
PEKT02000002:556178	A	G	PASS	B9J08_000761	upstream_gene_variant	MODIFIER	c.-4268T>C	.	1	0,31
PEKT02000002:559855	C	T	PASS	B9J08_000765	synonymous_variant	LOW	c.1308C>T	p.Ser436Ser	1	0,220
PEKT02000002:561970	T	A	PASS	B9J08_000766	upstream_gene_variant	MODIFIER	c.-39A>T	.	1	1,77
PEKT02000002:592530	A	C	PASS	B9J08_000777	missense_variant	MODERATE	c.449A>C	p.Tyr150Ser	1	0,208
PEKT02000002:655734	T	C	PASS	B9J08_000803	synonymous_variant	LOW	c.1026T>C	p.Gly342Gly	1	0,1779
PEKT02000002:662368	A	G	PASS	B9J08_000806	missense_variant	MODERATE	c.779T>C	p.Ile260Thr	1	0,223
PEKT02000002:679577	A	G	PASS	B9J08_000815	missense_variant	MODERATE	c.1340T>C	p.Ile447Thr	1	0,155
PEKT02000002:701776	A	G	PASS	B9J08_000826	synonymous_variant	LOW	c.696T>C	p.Ile232Ile	1	0,572
PEKT02000002:706064	C	T	PASS	B9J08_000828	missense_variant	MODERATE	c.1213C>T	p.Pro405Ser	1	0,66
PEKT02000002:724347	T	C	PASS	B9J08_000837	synonymous_variant	LOW	c.594A>G	p.Pro198Pro	1	0,256
PEKT02000002:732844	T	C	PASS	B9J08_000840	synonymous_variant	LOW	c.159T>C	p.Val53Val	1	0,351
PEKT02000002:740835	G	A	PASS	B9J08_000843	missense_variant	MODERATE	c.167G>A	p.Gly56Asp	1	0,182
PEKT02000002:783623	C	T	PASS	B9J08_000864	missense_variant	MODERATE	c.85C>T	p.Pro29Ser	1	0,516
PEKT02000002:787449	T	C	PASS	B9J08_000868	synonymous_variant	LOW	c.1590A>G	p.Lys530Lys	1	3,288
PEKT02000002:794602	G	C	PASS	B9J08_000871	missense_variant	MODERATE	c.285G>C	p.Arg95Ser	1	0,380
PEKT02000002:795131	G	T	PASS	B9J08_000871	missense_variant	MODERATE	c.814G>T	p.Gly272Cys	1	0,498
PEKT02000002:813798	C	T	PASS	B9J08_000880	synonymous_variant	LOW	c.2133C>T	p.Ser711Ser	1	0,119
PEKT02000002:818451	G	A	PASS	B9J08_000883	missense_variant	MODERATE	c.520C>T	p.Pro174Ser	1	0,302
PEKT02000002:823814	C	T	PASS	B9J08_000885	missense_variant	MODERATE	c.1826C>T	p.Ala609Val	1	0,273
PEKT02000002:833625	C	T	PASS	B9J08_000890	upstream_gene_variant	MODIFIER	c.-891G>A	.	1	0,39
PEKT02000002:854182	C	T	PASS	B9J08_000902	missense_variant	MODERATE	c.1001G>A	p.Gly334Asp	1	0,137
PEKT02000002:877776	C	G	PASS	B9J08_000910	missense_variant	MODERATE	c.303G>C	p.Met101Ile	1	1,414
PEKT02000002:939047	A	G	PASS	B9J08_000935	upstream_gene_variant	MODIFIER	c.-2726A>G	.	1	0,52
PEKT02000002:957975	T	G	PASS	B9J08_000939	missense_variant	MODERATE	c.872T>G	p.Leu291Trp	1	0,96
PEKT02000002:973311	T	C	PASS	B9J08_000946	missense_variant	MODERATE	c.770T>C	p.Val257Ala	1	0,398
PEKT02000002:974740	A	C	PASS	B9J08_000946	missense_variant	MODERATE	c.2199A>C	p.Lys733Asn	1	1,727
PEKT02000002:982201	T	C	PASS	B9J08_000948	upstream_gene_variant	MODIFIER	c.-4686A>G	.	1	0,253
PEKT02000002:987823	C	G	PASS	B9J08_000951	upstream_gene_variant	MODIFIER	c.-4539G>C	.	1	0,417
PEKT02000002:1006624	G	A	PASS	B9J08_000964	missense_variant	MODERATE	c.1916C>T	p.Ser639Phe	1	0,455
PEKT02000002:1024807	A	T	PASS	B9J08_000967	upstream_gene_variant	MODIFIER	c.-3076T>A	.	1	0,150
PEKT02000002:1027316	A	G	PASS	B9J08_000969	missense_variant	MODERATE	c.2096A>G	p.Asp699Gly	1	0,321
PEKT02000002:1030118	A	G	PASS	B9J08_000970	missense_variant	MODERATE	c.236T>C	p.Val79Ala	1	0,243
PEKT02000002:1043926	A	G	PASS	B9J08_000976	missense_variant	MODERATE	c.542T>C	p.Ile181Thr	1	0,2263
PEKT02000002:1081672	A	G	PASS	B9J08_000995	upstream_gene_variant	MODIFIER	c.-862A>G	.	1	0,413
PEKT02000002:1132716	A	G	PASS	B9J08_001017	synonymous_variant	LOW	c.1320T>C	p.Phe440Phe	1	0,89
PEKT02000002:1174438	G	C	PASS	B9J08_001033	missense_variant	MODERATE	c.408G>C	p.Leu136Phe	1	0,1669
PEKT02000002:1177520	G	T	PASS	B9J08_001035	missense_variant	MODERATE	c.349C>A	p.Gln117Lys	1	0,571
PEKT02000002:1194618	G	A	PASS	B9J08_001043	missense_variant	MODERATE	c.802G>A	p.Ala268Thr	1	0,211
PEKT02000002:1207941	A	G	PASS	B9J08_001048	upstream_gene_variant	MODIFIER	c.-2605T>C	.	1	0,127
PEKT02000002:1215698	T	A	PASS	B9J08_001051	downstream_gene_variant	MODIFIER	c.*3702T>A	.	1	0,35
PEKT02000001:42564	T	C	PASS	B9J08_000016	upstream_gene_variant	MODIFIER	c.-19A>G	.	1	0,85
PEKT02000001:61072	C	A	PASS	B9J08_000023	missense_variant	MODERATE	c.109G>T	p.Val37Leu	1	0,641
PEKT02000001:98980	A	G	PASS	B9J08_000043	missense_variant	MODERATE	c.1537A>G	p.Ile513Val	1	0,171
PEKT02000001:99768	G	A	PASS	B9J08_000043	synonymous_variant	LOW	c.2325G>A	p.Leu775Leu	1	0,258
PEKT02000001:105722	T	A	PASS	B9J08_000045	missense_variant	MODERATE	c.1385A>T	p.Lys462Met	1	0,236
PEKT02000001:120950	G	C	PASS	B9J08_000055	missense_variant	MODERATE	c.620G>C	p.Arg207Pro	1	0,1862
PEKT02000001:139232	A	G	PASS	B9J08_000062	missense_variant	MODERATE	c.2572A>G	p.Thr858Ala	1	0,112
PEKT02000001:139265	T	G	PASS	B9J08_000062	missense_variant	MODERATE	c.2605T>G	p.Ser869Ala	1	1,129
PEKT02000001:158840	G	A	PASS	B9J08_000071	upstream_gene_variant	MODIFIER	c.-3760C>T	.	1	0,92
PEKT02000001:194356	G	A	PASS	B9J08_000092	synonymous_variant	LOW	c.11499C>T	p.Tyr3833Tyr	1	0,199
PEKT02000001:194357	T	A	PASS	B9J08_000092	missense_variant	MODERATE	c.11498A>T	p.Tyr3833Phe	1	0,199
PEKT02000001:194739	T	A	PASS	B9J08_000092	missense_variant	MODERATE	c.11116A>T	p.Asn3706Tyr	1	0,155
PEKT02000001:210189	T	C	PASS	B9J08_000094	synonymous_variant	LOW	c.801T>C	p.Tyr267Tyr	1	0,38
PEKT02000001:221542	G	A	PASS	B9J08_000098	synonymous_variant	LOW	c.87G>A	p.Ser29Ser	1	0,637
PEKT02000001:234311	A	T	PASS	B9J08_000106	missense_variant	MODERATE	c.292A>T	p.Ile98Phe	1	0,531
PEKT02000001:246983	T	C	PASS	B9J08_000112	missense_variant	MODERATE	c.244A>G	p.Lys82Glu	1	0,1157
PEKT02000001:255850	C	A	PASS	B9J08_000117	missense_variant	MODERATE	c.459G>T	p.Trp153Cys	1	0,53
PEKT02000001:258901	A	T	PASS	B9J08_000118	missense_variant	MODERATE	c.138T>A	p.Phe46Leu	1	0,309
PEKT02000001:298399	C	G	PASS	B9J08_000137	upstream_gene_variant	MODIFIER	c.-2351G>C	.	1	0,530
PEKT02000001:301484	G	A	PASS	B9J08_000140	upstream_gene_variant	MODIFIER	c.-310G>A	.	1	0,50
PEKT02000001:346694	G	A	PASS	B9J08_000162	synonymous_variant	LOW	c.417C>T	p.Asn139Asn	1	0,368
PEKT02000001:350938	C	A	PASS	B9J08_000164	missense_variant	MODERATE	c.2110G>T	p.Val704Leu	1	7,1975
PEKT02000001:380479	A	G	PASS	B9J08_000177	synonymous_variant	LOW	c.1044A>G	p.Gly348Gly	1	0,505
PEKT02000001:395163	C	T	PASS	B9J08_000182	upstream_gene_variant	MODIFIER	c.-133C>T	.	1	0,108
PEKT02000001:510900	G	T	PASS	B9J08_000241	missense_variant	MODERATE	c.1375G>T	p.Val459Leu	1	1,187
PEKT02000001:549701	T	A	PASS	B9J08_000264	missense_variant	MODERATE	c.1081A>T	p.Ile361Phe	1	0,1177
PEKT02000001:578310	A	T	PASS	B9J08_000282	synonymous_variant	LOW	c.738A>T	p.Val246Val	1	0,132
PEKT02000001:581527	C	G	PASS	B9J08_000285	missense_variant	MODERATE	c.964G>C	p.Glu322Gln	1	0,1218
PEKT02000001:586233	T	A	PASS	B9J08_000286	missense_variant	MODERATE	c.2701T>A	p.Cys901Ser	1	0,364
PEKT02000001:590860	T	A	PASS	B9J08_000288	missense_variant	MODERATE	c.1462A>T	p.Asn488Tyr	1	0,252
PEKT02000001:597845	T	C	PASS	B9J08_000290	missense_variant	MODERATE	c.2707A>G	p.Thr903Ala	1	0,238
PEKT02000001:605735	A	C	PASS	B9J08_000292	upstream_gene_variant	MODIFIER	c.-1002T>G	.	1	0,337
PEKT02000001:607214	T	C	PASS	B9J08_000295	missense_variant	MODERATE	c.290T>C	p.Ile97Thr	1	0,830
PEKT02000001:618670	A	G	PASS	B9J08_000303	synonymous_variant	LOW	c.525T>C	p.Ser175Ser	1	0,246
PEKT02000001:626921	C	T	PASS	B9J08_000309	missense_variant	MODERATE	c.1124C>T	p.Ser375Leu	1	0,411
PEKT02000001:671291	G	A	PASS	B9J08_000331	missense_variant	MODERATE	c.799G>A	p.Val267Ile	1	0,622
PEKT02000001:681433	T	C	PASS	B9J08_000336	synonymous_variant	LOW	c.1338T>C	p.Gly446Gly	1	2,62
PEKT02000001:683579	G	C	PASS	B9J08_000336	synonymous_variant	LOW	c.3432G>C	p.Leu1144Leu	1	0,224
PEKT02000001:694476	T	A	PASS	B9J08_000340	synonymous_variant	LOW	c.834A>T	p.Ile278Ile	1	0,129
PEKT02000001:699140	C	T	PASS	B9J08_000341	synonymous_variant	LOW	c.426C>T	p.Ser142Ser	1	0,422
PEKT02000001:730917	T	A	PASS	B9J08_000360	upstream_gene_variant	MODIFIER	c.-1925A>T	.	1	0,36
PEKT02000001:738409	T	C	PASS	B9J08_000364	synonymous_variant	LOW	c.2043T>C	p.Asn681Asn	1	0,93
PEKT02000001:763725	T	C	PASS	B9J08_000375	synonymous_variant	LOW	c.486T>C	p.Asp162Asp	1	0,756
PEKT02000001:764852	A	T	PASS	B9J08_000376	missense_variant	MODERATE	c.1448T>A	p.Leu483Gln	1	0,595
PEKT02000001:766172	C	A	PASS	B9J08_000376	missense_variant	MODERATE	c.128G>T	p.Cys43Phe	1	1,693
PEKT02000001:768601	G	C	PASS	B9J08_000378	missense_variant	MODERATE	c.698C>G	p.Pro233Arg	1	0,233
PEKT02000001:840776	G	A	PASS	B9J08_000412	missense_variant	MODERATE	c.440G>A	p.Ser147Asn	1	0,82
PEKT02000001:861423	T	G	PASS	B9J08_000420	upstream_gene_variant	MODIFIER	c.-335A>C	.	1	0,131
PEKT02000001:921231	T	G	PASS	B9J08_000440	missense_variant	MODERATE	c.832T>G	p.Cys278Gly	1	0,138
PEKT02000001:925494	G	C	PASS	B9J08_000441	missense_variant	MODERATE	c.820C>G	p.Arg274Gly	1	0,257
PEKT02000001:968490	A	G	PASS	B9J08_000455	upstream_gene_variant	MODIFIER	c.-1466T>C	.	1	7,100
PEKT02000001:974732	C	A	PASS	B9J08_000460	upstream_gene_variant	MODIFIER	c.-1618C>A	.	1	0,37
PEKT02000001:984004	G	A	PASS	B9J08_000463	synonymous_variant	LOW	c.387G>A	p.Glu129Glu	1	0,1334
PEKT02000001:1005345	T	C	PASS	B9J08_000474	synonymous_variant	LOW	c.4080A>G	p.Pro1360Pro	1	0,184
PEKT02000001:1042883	A	T	PASS	B9J08_000489	missense_variant	MODERATE	c.951A>T	p.Glu317Asp	1	0,115
PEKT02000001:1068232	C	A	PASS	B9J08_000496	upstream_gene_variant	MODIFIER	c.-4611G>T	.	1	0,269
PEKT02000003:4688	T	C	PASS	B9J08_001064	upstream_gene_variant	MODIFIER	c.-740T>C	.	1	0,290
PEKT02000003:8943	T	A	PASS	B9J08_001066	synonymous_variant	LOW	c.2439A>T	p.Ser813Ser	1	0,293
PEKT02000003:16571	G	T	PASS	B9J08_001069	missense_variant	MODERATE	c.562C>A	p.Arg188Ser	1	0,269
PEKT02000003:37652	G	A	PASS	B9J08_001077	missense_variant	MODERATE	c.1052G>A	p.Arg351Lys	1	0,326
PEKT02000003:39549	T	C	PASS	B9J08_001078	upstream_gene_variant	MODIFIER	c.-175A>G	.	1	0,109
PEKT02000003:44573	A	T	PASS	B9J08_001080	missense_variant	MODERATE	c.140A>T	p.Gln47Leu	1	0,815
PEKT02000003:65214	A	G	PASS	B9J08_001093	missense_variant	MODERATE	c.1939T>C	p.Cys647Arg	1	0,141
PEKT02000003:99580	A	G	PASS	B9J08_001108	upstream_gene_variant	MODIFIER	c.-3605T>C	.	1	0,284
PEKT02000003:112140	G	T	PASS	B9J08_001119	missense_variant	MODERATE	c.402G>T	p.Met134Ile	1	0,125
PEKT02000003:112689	C	G	PASS	B9J08_001119	synonymous_variant	LOW	c.951C>G	p.Val317Val	1	0,145
PEKT02000003:116811	G	A	PASS	B9J08_001121	missense_variant	MODERATE	c.823C>T	p.Leu275Phe	1	0,448
PEKT02000003:126265	C	T	PASS	B9J08_001125	missense_variant	MODERATE	c.4390G>A	p.Glu1464Lys	1	0,634
PEKT02000003:130499	T	A	PASS	B9J08_001125	missense_variant	MODERATE	c.156A>T	p.Lys52Asn	1	0,474
PEKT02000003:156706	T	C	PASS	B9J08_001137	synonymous_variant	LOW	c.30T>C	p.Asn10Asn	1	1,934
PEKT02000003:199689	T	A	PASS	B9J08_001156	missense_variant	MODERATE	c.1120A>T	p.Thr374Ser	1	0,1158
PEKT02000003:220389	C	T	PASS	B9J08_001166	missense_variant	MODERATE	c.377G>A	p.Arg126His	1	0,200
PEKT02000003:321476	G	C	PASS	B9J08_001216	missense_variant	MODERATE	c.683G>C	p.Cys228Ser	1	1,603
PEKT02000003:370908	G	A	PASS	B9J08_001239	missense_variant	MODERATE	c.874G>A	p.Gly292Ser	1	0,324
PEKT02000003:397180	G	T	PASS	B9J08_001254	missense_variant	MODERATE	c.2425G>T	p.Val809Leu	1	0,134
PEKT02000003:427726	C	A	PASS	B9J08_001270	missense_variant	MODERATE	c.277C>A	p.Gln93Lys	1	0,465
PEKT02000003:460346	G	T	PASS	B9J08_001283	missense_variant	MODERATE	c.213C>A	p.Asn71Lys	1	2,659
PEKT02000003:464726	G	T	PASS	B9J08_001283	upstream_gene_variant	MODIFIER	c.-4168C>A	.	1	0,64
PEKT02000003:465890	A	C	PASS	B9J08_001285	synonymous_variant	LOW	c.354A>C	p.Val118Val	1	0,102
PEKT02000003:467879	T	C	PASS	B9J08_001286	missense_variant	MODERATE	c.335T>C	p.Leu112Pro	1	0,679
PEKT02000003:493177	T	C	PASS	B9J08_001296	synonymous_variant	LOW	c.12T>C	p.Thr4Thr	1	0,406
PEKT02000003:514453	G	T	PASS	B9J08_001302	synonymous_variant	LOW	c.672G>T	p.Ala224Ala	1	0,170
PEKT02000003:528035	C	T	PASS	B9J08_001307	missense_variant	MODERATE	c.6856G>A	p.Gly2286Arg	1	0,73
PEKT02000003:537138	A	T	PASS	B9J08_001309	missense_variant	MODERATE	c.1154T>A	p.Ile385Asn	1	0,673
PEKT02000003:548636	G	A	PASS	B9J08_001314	missense_variant	MODERATE	c.43C>T	p.Arg15Cys	1	0,284
PEKT02000003:548746	A	G	PASS	B9J08_001314	upstream_gene_variant	MODIFIER	c.-68T>C	.	1	0,289
PEKT02000003:555787	C	T	PASS	B9J08_001317	upstream_gene_variant	MODIFIER	c.-111G>A	.	1	0,463
PEKT02000003:625738	G	A	PASS	B9J08_001354	upstream_gene_variant	MODIFIER	c.-489G>A	.	1	0,614
PEKT02000003:632795	A	T	PASS	B9J08_001357	missense_variant	MODERATE	c.206A>T	p.Asp69Val	1	0,201
PEKT02000003:651904	G	T	PASS	B9J08_001364	upstream_gene_variant	MODIFIER	c.-2430C>A	.	1	0,238
PEKT02000003:658320	T	G	PASS	B9J08_001367	missense_variant	MODERATE	c.400A>C	p.Met134Leu	1	0,45
PEKT02000003:669131	A	G	PASS	B9J08_001371	synonymous_variant	LOW	c.1251T>C	p.Tyr417Tyr	1	0,131
PEKT02000003:672856	A	G	PASS	B9J08_001371	upstream_gene_variant	MODIFIER	c.-2475T>C	.	1	0,48
PEKT02000003:684060	A	G	PASS	B9J08_001373	upstream_gene_variant	MODIFIER	c.-4604T>C	.	1	0,146
PEKT02000003:693909	C	T	PASS	B9J08_001378	missense_variant	MODERATE	c.1661G>A	p.Arg554Lys	1	0,181
PEKT02000003:716015	C	T	PASS	B9J08_001388	upstream_gene_variant	MODIFIER	c.-2556G>A	.	1	0,106
PEKT02000003:744953	C	T	PASS	B9J08_001405	upstream_gene_variant	MODIFIER	c.-4362G>A	.	1	2,54
PEKT02000003:766825	C	T	PASS	B9J08_001415	missense_variant	MODERATE	c.946G>A	p.Ala316Thr	1	0,112
PEKT02000003:795175	C	T	PASS	B9J08_001428	synonymous_variant	LOW	c.196C>T	p.Leu66Leu	1	0,1108
PEKT02000003:808392	A	T	PASS	B9J08_001434	missense_variant	MODERATE	c.307A>T	p.Asn103Tyr	1	0,1565
PEKT02000003:826197	T	G	PASS	B9J08_001443	missense_variant	MODERATE	c.2281T>G	p.Ser761Ala	1	0,212
PEKT02000003:833880	T	C	PASS	B9J08_001448	missense_variant	MODERATE	c.428A>G	p.Lys143Arg	1	1,1784
PEKT02000003:859857	C	T	PASS	B9J08_001456	upstream_gene_variant	MODIFIER	c.-3756G>A	.	1	0,32
PEKT02000003:879188	G	A	PASS	B9J08_001463	missense_variant	MODERATE	c.2332G>A	p.Val778Ile	1	0,50
PEKT02000003:897077	A	G	PASS	B9J08_001469	missense_variant	MODERATE	c.938A>G	p.Gln313Arg	1	0,95
PEKT02000003:909360	T	A	PASS	B9J08_001475	missense_variant	MODERATE	c.1136A>T	p.His379Leu	1	0,280
PEKT02000003:919477	A	T	PASS	B9J08_001480	missense_variant	MODERATE	c.1643T>A	p.Leu548His	1	0,89
PEKT02000003:924139	T	C	PASS	B9J08_001481	missense_variant	MODERATE	c.601A>G	p.Ser201Gly	1	0,150
PEKT02000003:924694	T	A	PASS	B9J08_001481	stop_gained	HIGH	c.46A>T	p.Lys16*	1	2,139
PEKT02000003:924695	T	A	PASS	B9J08_001481	missense_variant	MODERATE	c.45A>T	p.Leu15Phe	1	0,130
PEKT02000003:945862	C	T	PASS	B9J08_001489	missense_variant	MODERATE	c.326G>A	p.Ser109Asn	1	0,44
PEKT02000003:969334	A	G	PASS	B9J08_001499	missense_variant	MODERATE	c.353T>C	p.Leu118Ser	1	0,547
PEKT02000003:982969	T	A	PASS	B9J08_001506	synonymous_variant	LOW	c.684A>T	p.Pro228Pro	1	1,353
PEKT02000009:13630	G	A	PASS	B9J08_004471	upstream_gene_variant	MODIFIER	c.-442G>A	.	1	0,70
PEKT02000009:15850	T	A	PASS	B9J08_004472	missense_variant	MODERATE	c.105T>A	p.Asn35Lys	1	0,36
PEKT02000009:27979	C	A	PASS	B9J08_004476	missense_variant	MODERATE	c.452C>A	p.Pro151Gln	1	3,1917
PEKT02000009:63533	G	T	PASS	B9J08_004492	synonymous_variant	LOW	c.342C>A	p.Val114Val	1	0,72
PEKT02000009:90189	C	T	PASS	B9J08_004504	synonymous_variant	LOW	c.3366G>A	p.Ala1122Ala	1	0,1050
PEKT02000009:98898	T	C	PASS	B9J08_004508	synonymous_variant	LOW	c.357A>G	p.Glu119Glu	1	0,630
PEKT02000009:149057	T	C	PASS	B9J08_004532	missense_variant	MODERATE	c.1337T>C	p.Phe446Ser	1	0,244
PEKT02000009:170872	A	G	PASS	B9J08_004540	missense_variant	MODERATE	c.1318A>G	p.Asn440Asp	1	0,71
PEKT02000009:198618	A	C	PASS	B9J08_004549	missense_variant	MODERATE	c.1108A>C	p.Lys370Gln	1	0,90
PEKT02000009:199730	A	G	PASS	B9J08_004549	synonymous_variant	LOW	c.2220A>G	p.Ala740Ala	1	0,95
PEKT02000009:245418	G	A	PASS	B9J08_004565	missense_variant	MODERATE	c.203C>T	p.Pro68Leu	1	0,180
PEKT02000009:278146	A	G	PASS	B9J08_004579	upstream_gene_variant	MODIFIER	c.-470A>G	.	1	0,76
PEKT02000009:278888	C	T	PASS	B9J08_004579	synonymous_variant	LOW	c.273C>T	p.Asp91Asp	1	0,6502
PEKT02000009:296047	T	C	PASS	B9J08_004585	synonymous_variant	LOW	c.1362T>C	p.Ala454Ala	1	0,619
PEKT02000009:393542	C	A	PASS	B9J08_004630	missense_variant	MODERATE	c.1212C>A	p.Ser404Arg	1	0,485
PEKT02000009:445557	C	T	PASS	B9J08_004651	missense_variant	MODERATE	c.1580G>A	p.Gly527Asp	1	0,272
PEKT02000009:451488	A	G	PASS	B9J08_004653	missense_variant	MODERATE	c.595T>C	p.Cys199Arg	1	2,1269
PEKT02000009:451721	C	T	PASS	B9J08_004653	missense_variant	MODERATE	c.362G>A	p.Gly121Glu	1	0,1146
PEKT02000009:458839	G	A	PASS	B9J08_004656	upstream_gene_variant	MODIFIER	c.-2715C>T	.	1	0,37
PEKT02000009:474487	G	T	PASS	B9J08_004663	synonymous_variant	LOW	c.243C>A	p.Ala81Ala	1	0,297
PEKT02000009:484508	T	C	PASS	B9J08_004670	synonymous_variant	LOW	c.102A>G	p.Glu34Glu	1	0,70
PEKT02000009:523484	G	A	PASS	B9J08_004690	missense_variant	MODERATE	c.992C>T	p.Thr331Ile	1	0,192
PEKT02000009:534324	T	G	PASS	B9J08_004693	upstream_gene_variant	MODIFIER	c.-1151A>C	.	1	0,146
PEKT02000009:558283	T	C	PASS	B9J08_004707	upstream_gene_variant	MODIFIER	c.-294T>C	.	1	0,36
PEKT02000009:560374	T	G	PASS	B9J08_004707	missense_variant	MODERATE	c.1798T>G	p.Ser600Ala	1	1,372
PEKT02000009:568492	G	A	PASS	B9J08_004709	upstream_gene_variant	MODIFIER	c.-2252C>T	.	1	1,787
PEKT02000009:576565	T	G	PASS	B9J08_004715	missense_variant	MODERATE	c.245A>C	p.Lys82Thr	1	0,448
PEKT02000009:578566	T	A	PASS	B9J08_004717	missense_variant	MODERATE	c.545A>T	p.Asn182Ile	1	0,1337
PEKT02000009:624199	T	G	PASS	B9J08_004737	missense_variant	MODERATE	c.721T>G	p.Ser241Ala	1	0,3116
PEKT02000009:641500	A	T	PASS	B9J08_004749	upstream_gene_variant	MODIFIER	c.-1540A>T	.	1	5,65
PEKT02000009:641761	T	C	PASS	B9J08_004749	upstream_gene_variant	MODIFIER	c.-1279T>C	.	1	0,53
PEKT02000009:660031	T	C	PASS	B9J08_004757	synonymous_variant	LOW	c.306T>C	p.Asn102Asn	1	0,63
PEKT02000009:662332	G	A	PASS	B9J08_004757	synonymous_variant	LOW	c.2607G>A	p.Gln869Gln	1	0,39
PEKT02000009:664045	G	A	PASS	B9J08_004758	missense_variant	MODERATE	c.550G>A	p.Gly184Arg	1	0,299
PEKT02000009:684561	C	A	PASS	B9J08_004768	missense_variant	MODERATE	c.81C>A	p.Asn27Lys	1	0,64
PEKT02000009:695074	C	T	PASS	B9J08_004769	upstream_gene_variant	MODIFIER	c.-3871G>A	.	1	0,325
PEKT02000009:756931	A	G	PASS	B9J08_004792	missense_variant	MODERATE	c.343T>C	p.Ser115Pro	1	0,50
PEKT02000009:767332	T	C	PASS	B9J08_004796	upstream_gene_variant	MODIFIER	c.-3650A>G	.	1	0,76
PEKT02000009:776208	C	T	PASS	B9J08_004802	synonymous_variant	LOW	c.496C>T	p.Leu166Leu	1	0,189
PEKT02000009:809429	A	T	PASS	B9J08_004818	synonymous_variant	LOW	c.1185T>A	p.Leu395Leu	1	0,632
PEKT02000009:816509	C	T	PASS	B9J08_004820	missense_variant	MODERATE	c.1919C>T	p.Ala640Val	1	0,524
PEKT02000009:828300	G	A	PASS	B9J08_004826	missense_variant	MODERATE	c.994C>T	p.Arg332Cys	1	0,166
PEKT02000009:837356	A	G	PASS	B9J08_004830	missense_variant	MODERATE	c.1045T>C	p.Phe349Leu	1	0,181
PEKT02000009:846435	T	C	PASS	B9J08_004834	missense_variant	MODERATE	c.593A>G	p.Gln198Arg	1	0,941
PEKT02000009:893499	C	G	PASS	B9J08_004856	missense_variant	MODERATE	c.296C>G	p.Ser99Cys	1	0,1072
PEKT02000009:902700	G	C	PASS	B9J08_004861	missense_variant	MODERATE	c.2102C>G	p.Thr701Ser	1	0,278
PEKT02000009:909363	A	G	PASS	B9J08_004862	missense_variant	MODERATE	c.277A>G	p.Thr93Ala	1	0,418
PEKT02000009:919034	G	T	PASS	B9J08_004868	missense_variant	MODERATE	c.2432C>A	p.Ala811Glu	1	0,234
PEKT02000009:940858	A	C	PASS	B9J08_004875	missense_variant	MODERATE	c.898T>G	p.Ser300Ala	1	0,46
PEKT02000009:942324	G	A	PASS	B9J08_004876	missense_variant	MODERATE	c.500C>T	p.Pro167Leu	1	0,268
PEKT02000009:975116	T	G	PASS	B9J08_004890	synonymous_variant	LOW	c.1170T>G	p.Pro390Pro	1	0,99
PEKT02000009:983647	A	C	PASS	B9J08_004892	upstream_gene_variant	MODIFIER	c.-806T>G	.	1	0,33
PEKT02000008:36798	G	C	PASS	B9J08_004110	missense_variant	MODERATE	c.1681G>C	p.Ala561Pro	1	0,62
PEKT02000008:51521	C	A	PASS	B9J08_004112	upstream_gene_variant	MODIFIER	c.-4652G>T	.	1	0,688
PEKT02000008:58612	A	G	PASS	B9J08_004114	upstream_gene_variant	MODIFIER	c.-1601T>C	.	1	0,58
PEKT02000008:59518	T	C	PASS	B9J08_004116	missense_variant	MODERATE	c.405A>G	p.Ile135Met	1	0,758
PEKT02000008:94945	G	T	PASS	B9J08_004133	missense_variant	MODERATE	c.2336C>A	p.Pro779Gln	1	0,41
PEKT02000008:95423	G	A	PASS	B9J08_004133	synonymous_variant	LOW	c.1858C>T	p.Leu620Leu	1	0,50
PEKT02000008:112514	C	T	PASS	B9J08_004137	upstream_gene_variant	MODIFIER	c.-4186C>T	.	1	0,302
PEKT02000008:118574	T	A	PASS	B9J08_004137	synonymous_variant	LOW	c.1875T>A	p.Leu625Leu	1	0,183
PEKT02000008:119650	G	T	PASS	B9J08_004138	synonymous_variant	LOW	c.450G>T	p.Pro150Pro	1	0,193
PEKT02000008:123041	T	G	PASS	B9J08_004138	missense_variant	MODERATE	c.3841T>G	p.Ser1281Ala	1	0,240
PEKT02000008:138255	T	C	PASS	B9J08_004144	missense_variant	MODERATE	c.319A>G	p.Thr107Ala	1	0,1099
PEKT02000008:143473	T	C	PASS	B9J08_004144	upstream_gene_variant	MODIFIER	c.-4900A>G	.	1	0,41
PEKT02000008:153803	T	A	PASS	B9J08_004149	missense_variant	MODERATE	c.679T>A	p.Phe227Ile	1	0,288
PEKT02000008:210308	C	G	PASS	B9J08_004171	upstream_gene_variant	MODIFIER	c.-630G>C	.	1	0,138
PEKT02000008:211676	G	T	PASS	B9J08_004171	upstream_gene_variant	MODIFIER	c.-1998C>A	.	1	0,207
PEKT02000008:292935	G	A	PASS	B9J08_004205	synonymous_variant	LOW	c.547C>T	p.Leu183Leu	1	0,251
PEKT02000008:298046	T	G	PASS	B9J08_004205	upstream_gene_variant	MODIFIER	c.-4565A>C	.	1	0,38
PEKT02000008:323045	C	A	PASS	B9J08_004222	synonymous_variant	LOW	c.678C>A	p.Thr226Thr	1	0,206
PEKT02000008:342594	G	T	PASS	B9J08_004232	missense_variant	MODERATE	c.391G>T	p.Asp131Tyr	1	0,283
PEKT02000008:343495	C	G	PASS	B9J08_004232	missense_variant	MODERATE	c.1292C>G	p.Ser431Cys	1	0,247
PEKT02000008:420820	G	A	PASS	B9J08_004263	synonymous_variant	LOW	c.513G>A	p.Thr171Thr	1	0,407
PEKT02000008:423735	A	G	PASS	B9J08_004264	upstream_gene_variant	MODIFIER	c.-553T>C	.	1	0,52
PEKT02000008:424702	C	T	PASS	B9J08_004265	missense_variant	MODERATE	c.991G>A	p.Gly331Ser	1	0,61
PEKT02000008:488041	A	T	PASS	B9J08_004294	missense_variant	MODERATE	c.119A>T	p.His40Leu	1	0,157
PEKT02000008:518804	T	C	PASS	B9J08_004306	synonymous_variant	LOW	c.243T>C	p.Phe81Phe	1	1,195
PEKT02000008:530735	T	C	PASS	B9J08_004310	missense_variant	MODERATE	c.343T>C	p.Trp115Arg	1	1,443
PEKT02000008:534350	T	C	PASS	B9J08_004314	upstream_gene_variant	MODIFIER	c.-4747T>C	.	1	0,143
PEKT02000008:541003	G	A	PASS	B9J08_004311	upstream_gene_variant	MODIFIER	c.-3115C>T	.	1	0,79
PEKT02000008:571955	C	A	PASS	B9J08_004328	missense_variant	MODERATE	c.775G>T	p.Ala259Ser	1	0,1122
PEKT02000008:600291	C	T	PASS	B9J08_004341	missense_variant	MODERATE	c.1063G>A	p.Glu355Lys	1	0,328
PEKT02000008:616068	T	C	PASS	B9J08_004346	synonymous_variant	LOW	c.93A>G	p.Glu31Glu	1	0,52
PEKT02000008:624613	T	C	PASS	B9J08_004351	missense_variant	MODERATE	c.668A>G	p.Asn223Ser	1	0,67
PEKT02000008:635860	A	G	PASS	B9J08_004356	missense_variant	MODERATE	c.749T>C	p.Leu250Pro	1	0,326
PEKT02000008:640046	C	A	PASS	B9J08_004356	upstream_gene_variant	MODIFIER	c.-3438G>T	.	1	0,54
PEKT02000008:700653	T	A	PASS	B9J08_004383	missense_variant	MODERATE	c.5132T>A	p.Val1711Asp	1	0,475
PEKT02000008:701069	T	A	PASS	B9J08_004384	missense_variant	MODERATE	c.68T>A	p.Met23Lys	1	1,425
PEKT02000008:740741	G	C	PASS	B9J08_004401	missense_variant	MODERATE	c.402G>C	p.Glu134Asp	1	0,154
PEKT02000008:751288	G	A	PASS	B9J08_004407	synonymous_variant	LOW	c.789C>T	p.Gly263Gly	1	0,379
PEKT02000008:753373	T	C	PASS	B9J08_004408	synonymous_variant	LOW	c.267A>G	p.Glu89Glu	1	0,613
PEKT02000008:756358	G	A	PASS	B9J08_004407	upstream_gene_variant	MODIFIER	c.-4282C>T	.	1	0,134
PEKT02000008:758696	G	T	PASS	B9J08_004411	missense_variant	MODERATE	c.1387C>A	p.Gln463Lys	1	0,182
PEKT02000008:758697	C	T	PASS	B9J08_004411	synonymous_variant	LOW	c.1386G>A	p.Gln462Gln	1	0,182
PEKT02000008:811805	A	C	PASS	B9J08_004437	synonymous_variant	LOW	c.96T>G	p.Ala32Ala	1	0,1689
PEKT02000008:815288	A	T	PASS	B9J08_004438	missense_variant	MODERATE	c.494T>A	p.Leu165His	1	0,90
PEKT02000008:851419	C	A	PASS	B9J08_004451	missense_variant	MODERATE	c.248C>A	p.Ser83Tyr	1	0,50
PEKT02000008:861418	G	A	PASS	B9J08_004454	synonymous_variant	LOW	c.498C>T	p.Asn166Asn	1	0,1289
PEKT02000004:14967	A	G	PASS	B9J08_001533	synonymous_variant	LOW	c.264T>C	p.Ala88Ala	1	0,68
PEKT02000004:71689	G	A	PASS	B9J08_001560	synonymous_variant	LOW	c.111C>T	p.Tyr37Tyr	1	0,275
PEKT02000004:84746	C	T	PASS	B9J08_001566	upstream_gene_variant	MODIFIER	c.-1053C>T	.	1	0,173
PEKT02000004:107541	G	A	PASS	B9J08_001572	upstream_gene_variant	MODIFIER	c.-4481C>T	.	1	0,234
PEKT02000004:136031	G	A	PASS	B9J08_001586	synonymous_variant	LOW	c.513C>T	p.Leu171Leu	1	0,140
PEKT02000004:157412	T	C	PASS	B9J08_001597	missense_variant	MODERATE	c.302A>G	p.Lys101Arg	1	0,554
PEKT02000004:194130	A	T	PASS	B9J08_001615	missense_variant	MODERATE	c.169A>T	p.Ile57Leu	1	0,1086
PEKT02000004:222372	G	C	PASS	B9J08_001627	missense_variant	MODERATE	c.1670G>C	p.Gly557Ala	1	0,197
PEKT02000004:224144	A	T	PASS	B9J08_001630	missense_variant	MODERATE	c.176A>T	p.Tyr59Phe	1	0,38
PEKT02000004:242305	T	C	PASS	B9J08_001643	synonymous_variant	LOW	c.261T>C	p.Ser87Ser	1	0,81
PEKT02000004:265354	T	C	PASS	B9J08_001655	synonymous_variant	LOW	c.1902A>G	p.Arg634Arg	1	1,283
PEKT02000004:314784	T	G	PASS	B9J08_001677	missense_variant	MODERATE	c.168T>G	p.Asn56Lys	1	0,304
PEKT02000004:334294	T	G	PASS	B9J08_001684	synonymous_variant	LOW	c.159T>G	p.Pro53Pro	1	0,983
PEKT02000004:347039	G	A	PASS	B9J08_001690	upstream_gene_variant	MODIFIER	c.-2786C>T	.	1	0,46
PEKT02000004:361235	A	T	PASS	B9J08_001696	upstream_gene_variant	MODIFIER	c.-1790T>A	.	1	0,245
PEKT02000004:400725	G	C	PASS	B9J08_001715	missense_variant	MODERATE	c.1414C>G	p.Leu472Val	1	2,466
PEKT02000004:407025	G	A	PASS	B9J08_001718	synonymous_variant	LOW	c.225G>A	p.Lys75Lys	1	0,188
PEKT02000004:412897	T	C	PASS	B9J08_001722	missense_variant	MODERATE	c.475A>G	p.Thr159Ala	1	0,568
PEKT02000004:413701	G	C	PASS	B9J08_001723	missense_variant	MODERATE	c.597C>G	p.Asp199Glu	1	0,360
PEKT02000004:413910	G	A	PASS	B9J08_001723	missense_variant	MODERATE	c.388C>T	p.Leu130Phe	1	0,440
PEKT02000004:426127	C	T	PASS	B9J08_001729	stop_gained	HIGH	c.1372C>T	p.Arg458*	1	0,325
PEKT02000004:427190	A	G	PASS	B9J08_001730	missense_variant	MODERATE	c.311A>G	p.His104Arg	1	0,88
PEKT02000004:440574	G	A	PASS	B9J08_001734	missense_variant	MODERATE	c.286C>T	p.Pro96Ser	1	0,57
PEKT02000004:450662	A	T	PASS	B9J08_001739	upstream_gene_variant	MODIFIER	c.-1241T>A	.	1	0,288
PEKT02000004:465939	G	A	PASS	B9J08_001746	missense_variant	MODERATE	c.442C>T	p.His148Tyr	1	0,324
PEKT02000004:470984	G	A	PASS	B9J08_001746	upstream_gene_variant	MODIFIER	c.-4604C>T	.	1	0,38
PEKT02000004:476306	G	A	PASS	B9J08_001748	missense_variant	MODERATE	c.1892G>A	p.Arg631Gln	1	0,284
PEKT02000004:479882	T	C	PASS	B9J08_001752	missense_variant	MODERATE	c.836T>C	p.Ile279Thr	1	0,272
PEKT02000004:512996	A	G	PASS	B9J08_001766	synonymous_variant	LOW	c.396T>C	p.Phe132Phe	1	0,52
PEKT02000004:512997	A	T	PASS	B9J08_001766	missense_variant	MODERATE	c.395T>A	p.Phe132Tyr	1	0,52
PEKT02000004:530636	G	C	PASS	B9J08_001774	missense_variant	MODERATE	c.1040G>C	p.Arg347Pro	1	0,106
PEKT02000004:531358	A	T	PASS	B9J08_001774	missense_variant	MODERATE	c.1762A>T	p.Ile588Phe	1	0,104
PEKT02000004:553662	A	T	PASS	B9J08_001786	missense_variant	MODERATE	c.995A>T	p.Glu332Val	1	0,157
PEKT02000004:559293	A	C	PASS	B9J08_001787	missense_variant	MODERATE	c.1013A>C	p.His338Pro	1	1,146
PEKT02000004:560708	T	C	PASS	B9J08_001787	missense_variant	MODERATE	c.2428T>C	p.Phe810Leu	1	0,227
PEKT02000004:576871	T	A	PASS	B9J08_001797	missense_variant	MODERATE	c.1427T>A	p.Ile476Asn	1	0,465
PEKT02000004:636923	C	T	PASS	B9J08_001827	missense_variant	MODERATE	c.227C>T	p.Thr76Ile	1	0,251
PEKT02000004:639895	G	C	PASS	B9J08_001829	missense_variant	MODERATE	c.958C>G	p.Pro320Ala	1	0,111
PEKT02000004:671771	T	C	PASS	B9J08_001843	upstream_gene_variant	MODIFIER	c.-3946A>G	.	1	0,164
PEKT02000004:694433	T	C	PASS	B9J08_001857	missense_variant	MODERATE	c.1462A>G	p.Lys488Glu	1	0,226
PEKT02000004:696860	C	G	PASS	B9J08_001858	missense_variant	MODERATE	c.347C>G	p.Pro116Arg	1	0,208
PEKT02000004:711835	G	C	PASS	B9J08_001866	missense_variant	MODERATE	c.960C>G	p.Asn320Lys	1	0,188
PEKT02000004:721239	C	T	PASS	B9J08_001873	missense_variant	MODERATE	c.1592G>A	p.Arg531Lys	1	0,242
PEKT02000004:725174	A	G	PASS	B9J08_001873	upstream_gene_variant	MODIFIER	c.-2289T>C	.	1	0,51
PEKT02000004:733932	G	C	PASS	B9J08_001879	upstream_gene_variant	MODIFIER	c.-2438C>G	.	1	0,181
PEKT02000004:772092	T	C	PASS	B9J08_001899	synonymous_variant	LOW	c.3957T>C	p.Ile1319Ile	1	0,72
PEKT02000004:774775	G	A	PASS	B9J08_001900	missense_variant	MODERATE	c.1513G>A	p.Ala505Thr	1	0,189
PEKT02000004:774829	G	C	PASS	B9J08_001900	missense_variant	MODERATE	c.1567G>C	p.Gly523Arg	1	0,183
PEKT02000004:812719	A	G	PASS	B9J08_001917	synonymous_variant	LOW	c.819T>C	p.Val273Val	1	1,4265
PEKT02000004:837376	A	T	PASS	B9J08_001924	missense_variant	MODERATE	c.1984T>A	p.Leu662Met	1	0,1057
PEKT02000006:68503	C	A	PASS	B9J08_002262	upstream_gene_variant	MODIFIER	c.-938C>A	.	1	0,39
PEKT02000006:154444	T	C	PASS	B9J08_002299	missense_variant	MODERATE	c.494A>G	p.Asn165Ser	1	0,241
PEKT02000006:165233	C	T	PASS	B9J08_002304	missense_variant	MODERATE	c.1492G>A	p.Glu498Lys	1	0,116
PEKT02000006:202212	T	C	PASS	B9J08_002321	missense_variant	MODERATE	c.1025T>C	p.Ile342Thr	1	0,467
PEKT02000006:202399	C	G	PASS	B9J08_002321	missense_variant	MODERATE	c.1212C>G	p.His404Gln	1	0,506
PEKT02000006:237075	A	G	PASS	B9J08_002339	missense_variant	MODERATE	c.553A>G	p.Asn185Asp	1	0,160
PEKT02000006:256115	A	G	PASS	B9J08_002346	missense_variant	MODERATE	c.4036A>G	p.Thr1346Ala	1	0,297
PEKT02000006:275811	C	G	PASS	B9J08_002354	missense_variant	MODERATE	c.6046G>C	p.Val2016Leu	1	0,297
PEKT02000006:300211	G	A	PASS	B9J08_002363	synonymous_variant	LOW	c.150C>T	p.Phe50Phe	1	0,1719
PEKT02000006:317145	A	G	PASS	B9J08_002373	missense_variant	MODERATE	c.277T>C	p.Tyr93His	1	1,892
PEKT02000006:321304	T	C	PASS	B9J08_002376	synonymous_variant	LOW	c.1125A>G	p.Ser375Ser	1	0,238
PEKT02000006:329034	A	T	PASS	B9J08_002380	missense_variant	MODERATE	c.1307T>A	p.Ile436Asn	1	0,194
PEKT02000006:345023	G	T	PASS	B9J08_002389	missense_variant	MODERATE	c.2157G>T	p.Lys719Asn	1	0,33
PEKT02000006:361053	A	G	PASS	B9J08_002398	synonymous_variant	LOW	c.360T>C	p.Tyr120Tyr	1	3,200
PEKT02000006:366784	G	A	PASS	B9J08_002400	upstream_gene_variant	MODIFIER	c.-664C>T	.	1	0,67
PEKT02000006:373716	C	T	PASS	B9J08_002403	synonymous_variant	LOW	c.1857C>T	p.Leu619Leu	1	0,189
PEKT02000006:415909	G	A	PASS	B9J08_002421	missense_variant	MODERATE	c.3562G>A	p.Gly1188Ser	1	0,173
PEKT02000006:417273	T	G	PASS	B9J08_002421	missense_variant	MODERATE	c.4926T>G	p.Asp1642Glu	1	0,324
PEKT02000006:426693	A	C	PASS	B9J08_002424	missense_variant	MODERATE	c.2239A>C	p.Asn747His	1	0,371
PEKT02000006:428633	C	A	PASS	B9J08_002426	synonymous_variant	LOW	c.513C>A	p.Ser171Ser	1	0,1273
PEKT02000006:439912	A	T	PASS	B9J08_002432	missense_variant	MODERATE	c.431T>A	p.Val144Glu	1	0,158
PEKT02000006:440846	T	C	PASS	B9J08_002433	synonymous_variant	LOW	c.519A>G	p.Lys173Lys	1	0,189
PEKT02000006:492988	A	C	PASS	B9J08_002454	upstream_gene_variant	MODIFIER	c.-3334T>G	.	1	0,59
PEKT02000006:526925	C	G	PASS	B9J08_002467	missense_variant	MODERATE	c.2577C>G	p.Phe859Leu	1	0,467
PEKT02000006:531884	T	C	PASS	B9J08_002469	missense_variant	MODERATE	c.2758T>C	p.Phe920Leu	1	0,138
PEKT02000006:544972	T	A	PASS	B9J08_002476	missense_variant	MODERATE	c.1522T>A	p.Cys508Ser	1	0,482
PEKT02000006:551524	A	G	PASS	B9J08_002479	missense_variant	MODERATE	c.917T>C	p.Leu306Pro	1	0,47
PEKT02000006:559544	T	C	PASS	B9J08_002480	upstream_gene_variant	MODIFIER	c.-4416A>G	.	1	0,63
PEKT02000006:593916	C	T	PASS	B9J08_002494	upstream_gene_variant	MODIFIER	c.-2571G>A	.	1	0,50
PEKT02000006:647873	T	C	PASS	B9J08_002523	upstream_gene_variant	MODIFIER	c.-276A>G	.	1	0,37
PEKT02000006:649823	T	C	PASS	B9J08_002524	missense_variant	MODERATE	c.49A>G	p.Thr17Ala	1	0,43
PEKT02000006:656795	G	T	PASS	B9J08_002527	synonymous_variant	LOW	c.63C>A	p.Pro21Pro	1	0,1497
PEKT02000006:668206	G	C	PASS	B9J08_002532	upstream_gene_variant	MODIFIER	c.-4615G>C	.	1	0,82
PEKT02000006:704013	T	G	PASS	B9J08_002544	upstream_gene_variant	MODIFIER	c.-4218A>C	.	1	0,117
PEKT02000006:715387	C	T	PASS	B9J08_002550	missense_variant	MODERATE	c.247G>A	p.Val83Ile	1	0,1546
PEKT02000006:718716	A	C	PASS	B9J08_002553	missense_variant	MODERATE	c.296A>C	p.Asp99Ala	1	0,673
PEKT02000006:729465	G	T	PASS	B9J08_002561	stop_gained	HIGH	c.32C>A	p.Ser11*	1	0,205
PEKT02000006:734152	T	C	PASS	B9J08_002561	upstream_gene_variant	MODIFIER	c.-4656A>G	.	1	0,107
PEKT02000006:772867	C	T	PASS	B9J08_002583	missense_variant	MODERATE	c.949C>T	p.Arg317Trp	1	0,141
PEKT02000005:65291	C	T	PASS	B9J08_001971	synonymous_variant	LOW	c.1266C>T	p.Phe422Phe	1	0,112
PEKT02000005:65412	A	C	PASS	B9J08_001971	missense_variant	MODERATE	c.1387A>C	p.Ile463Leu	1	0,147
PEKT02000005:113457	T	C	PASS	B9J08_001996	missense_variant	MODERATE	c.1111A>G	p.Ile371Val	1	0,118
PEKT02000005:124808	C	T	PASS	B9J08_002000	synonymous_variant	LOW	c.231G>A	p.Val77Val	1	0,164
PEKT02000005:133454	A	G	PASS	B9J08_002005	upstream_gene_variant	MODIFIER	c.-193A>G	.	1	0,129
PEKT02000005:167079	C	A	PASS	B9J08_002023	missense_variant	MODERATE	c.1709C>A	p.Thr570Asn	1	0,207
PEKT02000005:193853	A	G	PASS	B9J08_002034	upstream_gene_variant	MODIFIER	c.-3448T>C	.	1	13,248
PEKT02000005:194007	A	G	PASS	B9J08_002034	upstream_gene_variant	MODIFIER	c.-3602T>C	.	1	0,125
PEKT02000005:211070	A	G	PASS	B9J08_002041	synonymous_variant	LOW	c.11262A>G	p.Arg3754Arg	1	0,189
PEKT02000005:249923	A	G	PASS	B9J08_002058	upstream_gene_variant	MODIFIER	c.-1873T>C	.	1	0,428
PEKT02000005:266180	A	T	PASS	B9J08_002068	synonymous_variant	LOW	c.126T>A	p.Gly42Gly	1	0,323
PEKT02000005:288244	G	A	PASS	B9J08_002078	upstream_gene_variant	MODIFIER	c.-2978C>T	.	1	0,68
PEKT02000005:293888	T	A	PASS	B9J08_002080	missense_variant	MODERATE	c.1209T>A	p.Asp403Glu	1	1,225
PEKT02000005:308102	A	G	PASS	B9J08_002086	synonymous_variant	LOW	c.87T>C	p.Phe29Phe	1	0,96
PEKT02000005:322069	A	G	PASS	B9J08_002094	missense_variant	MODERATE	c.853T>C	p.Phe285Leu	1	0,536
PEKT02000005:326477	C	A	PASS	B9J08_002096	missense_variant	MODERATE	c.710C>A	p.Ser237Tyr	1	0,433
PEKT02000005:342339	A	T	PASS	B9J08_002105	missense_variant	MODERATE	c.1978T>A	p.Ser660Thr	1	0,137
PEKT02000005:345520	C	T	PASS	B9J08_002106	synonymous_variant	LOW	c.411C>T	p.Phe137Phe	1	0,87
PEKT02000005:345672	C	T	PASS	B9J08_002106	missense_variant	MODERATE	c.563C>T	p.Pro188Leu	1	0,111
PEKT02000005:365610	C	T	PASS	B9J08_002114	missense_variant	MODERATE	c.848C>T	p.Ala283Val	1	0,289
PEKT02000005:369904	C	G	PASS	B9J08_002116	synonymous_variant	LOW	c.666C>G	p.Val222Val	1	0,1140
PEKT02000005:384269	A	G	PASS	B9J08_002124	synonymous_variant	LOW	c.990T>C	p.Asp330Asp	1	0,722
PEKT02000005:411192	T	A	PASS	B9J08_002133	downstream_gene_variant	MODIFIER	c.*3326T>A	.	1	0,46
PEKT02000005:431136	C	T	PASS	B9J08_002142	missense_variant	MODERATE	c.353C>T	p.Pro118Leu	1	3,5834
PEKT02000005:438568	G	T	PASS	B9J08_002146	missense_variant	MODERATE	c.2951C>A	p.Ser984Tyr	1	0,419
PEKT02000005:450158	C	G	PASS	B9J08_002150	synonymous_variant	LOW	c.54C>G	p.Pro18Pro	1	0,143
PEKT02000005:453175	C	T	PASS	B9J08_002150	missense_variant	MODERATE	c.3071C>T	p.Ser1024Leu	1	0,229
PEKT02000005:461740	G	A	PASS	B9J08_002155	missense_variant	MODERATE	c.470C>T	p.Ala157Val	1	1,313
PEKT02000005:478427	A	C	PASS	B9J08_002166	missense_variant	MODERATE	c.1526A>C	p.Tyr509Ser	1	0,649
PEKT02000005:534286	A	G	PASS	B9J08_002189	missense_variant	MODERATE	c.914T>C	p.Val305Ala	1	0,600
PEKT02000005:563525	G	A	PASS	B9J08_002201	missense_variant	MODERATE	c.335C>T	p.Thr112Ile	1	0,399
PEKT02000005:608769	C	T	PASS	B9J08_002224	missense_variant	MODERATE	c.965G>A	p.Arg322His	1	0,416
PEKT02000005:621103	G	A	PASS	B9J08_002229	missense_variant	MODERATE	c.1916G>A	p.Gly639Asp	1	1,461
PEKT02000013:16071	T	G	PASS	B9J08_005572	missense_variant	MODERATE	c.1075A>C	p.Ser359Arg	1	1,248
PEKT02000013:21102	T	A	PASS	B9J08_005574	synonymous_variant	LOW	c.318T>A	p.Ser106Ser	1	1,104
