Scaffold:Pos	REF	ALT	FILTER	GeneID	Effect	Impact	cDNA	aa	GT	AD
PEKT02000007:5224	C	G	PASS	B9J08_002585	upstream_gene_variant	MODIFIER	c.-3995G>C	.	1	0,76
PEKT02000007:311710	T	A	PASS	B9J08_002722	upstream_gene_variant	MODIFIER	c.-3296A>T	.	1	2,77
PEKT02000007:356116	A	G	PASS	B9J08_002747	upstream_gene_variant	MODIFIER	c.-2742T>C	.	1	0,74
PEKT02000007:380267	A	C	PASS	B9J08_002759	upstream_gene_variant	MODIFIER	c.-264T>G	.	1	0,86
PEKT02000007:387655	T	C	PASS	B9J08_002762	synonymous_variant	LOW	c.648T>C	p.Ile216Ile	1	0,141
PEKT02000007:564941	A	C	PASS	B9J08_002849	upstream_gene_variant	MODIFIER	c.-1809T>G	.	1	0,74
PEKT02000007:573589	C	T	PASS	B9J08_002853	upstream_gene_variant	MODIFIER	c.-3412G>A	.	1	0,89
PEKT02000007:650925	G	A	PASS	B9J08_002887	upstream_gene_variant	MODIFIER	c.-3096C>T	.	1	0,91
PEKT02000007:653896	G	A	PASS	B9J08_002888	upstream_gene_variant	MODIFIER	c.-3446C>T	.	1	0,71
PEKT02000007:731642	T	G	PASS	B9J08_002932	upstream_gene_variant	MODIFIER	c.-2270T>G	.	1	1,102
PEKT02000007:732964	T	A	PASS	B9J08_002932	upstream_gene_variant	MODIFIER	c.-948T>A	.	1	0,75
PEKT02000007:741842	G	T	PASS	B9J08_002939	missense_variant	MODERATE	c.37G>T	p.Val13Phe	1	0,76
PEKT02000007:770908	C	T	PASS	B9J08_002953	missense_variant	MODERATE	c.2657C>T	p.Pro886Leu	1	0,86
PEKT02000007:825115	G	A	PASS	B9J08_002979	upstream_gene_variant	MODIFIER	c.-2396C>T	.	1	1,104
PEKT02000007:950420	G	A	PASS	B9J08_003048	upstream_gene_variant	MODIFIER	c.-2889C>T	.	1	0,57
PEKT02000007:950421	G	A	PASS	B9J08_003048	upstream_gene_variant	MODIFIER	c.-2890C>T	.	1	0,58
PEKT02000007:1053511	T	C	PASS	B9J08_003106	upstream_gene_variant	MODIFIER	c.-4518A>G	.	1	0,74
PEKT02000007:1053728	C	T	PASS	B9J08_003106	upstream_gene_variant	MODIFIER	c.-4735G>A	.	1	1,18
PEKT02000007:1076657	C	G	PASS	B9J08_003117	upstream_gene_variant	MODIFIER	c.-3065G>C	.	1	0,83
PEKT02000007:1102818	A	T	PASS	B9J08_003130	upstream_gene_variant	MODIFIER	c.-4537T>A	.	1	0,75
PEKT02000007:1185440	C	T	PASS	B9J08_003179	missense_variant	MODERATE	c.722G>A	p.Ser241Asn	1	0,84
PEKT02000007:1315405	A	T	PASS	B9J08_003239	synonymous_variant	LOW	c.741A>T	p.Ala247Ala	1	0,76
PEKT02000007:1481767	C	A	PASS	B9J08_003314	upstream_gene_variant	MODIFIER	c.-1303G>T	.	1	1,86
PEKT02000007:1555897	C	T	PASS	B9J08_003354	missense_variant	MODERATE	c.1090G>A	p.Gly364Arg	1	0,107
PEKT02000007:1574169	T	A	PASS	B9J08_003361	upstream_gene_variant	MODIFIER	c.-1793A>T	.	1	0,75
PEKT02000007:1656846	A	G	PASS	B9J08_003402	upstream_gene_variant	MODIFIER	c.-122T>C	.	1	11,63
PEKT02000007:1764296	T	G	PASS	B9J08_003451	upstream_gene_variant	MODIFIER	c.-2282A>C	.	1	0,64
PEKT02000007:1777715	C	A	PASS	B9J08_003455	upstream_gene_variant	MODIFIER	c.-1467C>A	.	1	0,41
PEKT02000007:1797083	G	T	PASS	B9J08_003463	upstream_gene_variant	MODIFIER	c.-95G>T	.	1	0,61
PEKT02000007:1804511	G	A	PASS	B9J08_003465	missense_variant	MODERATE	c.1567G>A	p.Gly523Ser	1	0,74
PEKT02000007:1843793	T	A	PASS	B9J08_003484	upstream_gene_variant	MODIFIER	c.-3947A>T	.	1	0,71
PEKT02000007:1886342	T	C	PASS	B9J08_003506	missense_variant	MODERATE	c.1106A>G	p.Lys369Arg	1	0,69
PEKT02000007:1899279	A	C	PASS	B9J08_003511	upstream_gene_variant	MODIFIER	c.-3244T>G	.	1	0,54
PEKT02000007:1933089	T	C	PASS	B9J08_003527	upstream_gene_variant	MODIFIER	c.-4887A>G	.	1	0,72
PEKT02000007:1963715	G	A	PASS	B9J08_003547	upstream_gene_variant	MODIFIER	c.-4255C>T	.	1	0,72
PEKT02000007:1967945	G	A	PASS	B9J08_003551	upstream_gene_variant	MODIFIER	c.-2235G>A	.	1	0,56
PEKT02000007:2009705	A	G	PASS	B9J08_003571	upstream_gene_variant	MODIFIER	c.-1750T>C	.	1	0,77
PEKT02000007:2067279	T	C	PASS	B9J08_003590	upstream_gene_variant	MODIFIER	c.-4083A>G	.	1	0,89
PEKT02000007:2070940	T	C	PASS	B9J08_003594	upstream_gene_variant	MODIFIER	c.-282T>C	.	1	0,66
PEKT02000007:2110375	A	C	PASS	B9J08_003613	upstream_gene_variant	MODIFIER	c.-2041A>C	.	1	0,26
PEKT02000007:2128930	T	A	PASS	B9J08_003619	upstream_gene_variant	MODIFIER	c.-1451A>T	.	1	7,53
PEKT02000007:2132128	A	G	PASS	B9J08_003619	upstream_gene_variant	MODIFIER	c.-4649T>C	.	1	0,97
PEKT02000007:2178905	A	G	PASS	B9J08_003640	missense_variant	MODERATE	c.58T>C	p.Ser20Pro	1	0,72
PEKT02000007:2272939	T	C	PASS	B9J08_003692	upstream_gene_variant	MODIFIER	c.-4649A>G	.	1	1,88
PEKT02000007:2306790	C	A	PASS	B9J08_003708	upstream_gene_variant	MODIFIER	c.-2073G>T	.	1	0,74
PEKT02000007:2312536	A	T	PASS	B9J08_003709	upstream_gene_variant	MODIFIER	c.-3614T>A	.	1	0,69
PEKT02000007:2312558	C	A	PASS	B9J08_003709	upstream_gene_variant	MODIFIER	c.-3636G>T	.	1	0,67
PEKT02000007:2315485	G	T	PASS	B9J08_003710	upstream_gene_variant	MODIFIER	c.-4421C>A	.	1	0,12
PEKT02000007:2372337	A	G	PASS	B9J08_003735	upstream_gene_variant	MODIFIER	c.-4420T>C	.	1	1,83
PEKT02000007:2412231	T	G	PASS	B9J08_003761	missense_variant	MODERATE	c.1219A>C	p.Thr407Pro	1	0,72
PEKT02000007:2428733	A	T	PASS	B9J08_003769	upstream_gene_variant	MODIFIER	c.-1775T>A	.	1	0,37
PEKT02000007:2474991	T	C	PASS	B9J08_003784	missense_variant	MODERATE	c.346A>G	p.Asn116Asp	1	0,94
PEKT02000007:2484478	C	G	PASS	B9J08_003787	upstream_gene_variant	MODIFIER	c.-4192G>C	.	1	0,78
PEKT02000007:2490649	A	G	PASS	B9J08_003790	upstream_gene_variant	MODIFIER	c.-223T>C	.	1	1,68
PEKT02000007:2494692	C	T	PASS	B9J08_003790	upstream_gene_variant	MODIFIER	c.-4266G>A	.	1	6,77
PEKT02000007:2495539	A	T	PASS	B9J08_003791	upstream_gene_variant	MODIFIER	c.-2795T>A	.	1	0,69
PEKT02000007:2497412	A	G	PASS	B9J08_003791	upstream_gene_variant	MODIFIER	c.-4668T>C	.	1	0,75
PEKT02000007:2532809	T	C	PASS	B9J08_003805	upstream_gene_variant	MODIFIER	c.-2826A>G	.	1	0,76
PEKT02000007:2541581	G	A	PASS	B9J08_003808	upstream_gene_variant	MODIFIER	c.-2212C>T	.	1	0,100
PEKT02000007:2616422	A	G	PASS	B9J08_003845	missense_variant	MODERATE	c.2527A>G	p.Asn843Asp	1	0,76
PEKT02000007:2687373	G	C	PASS	B9J08_003876	upstream_gene_variant	MODIFIER	c.-4277C>G	.	1	0,18
PEKT02000007:2687677	C	A	PASS	B9J08_003876	upstream_gene_variant	MODIFIER	c.-4581G>T	.	1	0,53
PEKT02000007:2688003	G	A	PASS	B9J08_003876	upstream_gene_variant	MODIFIER	c.-4907C>T	.	1	0,103
PEKT02000007:2767842	A	G	PASS	B9J08_003911	upstream_gene_variant	MODIFIER	c.-795T>C	.	1	0,79
PEKT02000007:2790612	C	T	PASS	B9J08_003922	synonymous_variant	LOW	c.27C>T	p.Asn9Asn	1	0,65
PEKT02000007:2798598	A	T	PASS	B9J08_003924	missense_variant	MODERATE	c.844T>A	p.Phe282Ile	1	0,127
PEKT02000007:2811042	G	C	PASS	B9J08_003930	upstream_gene_variant	MODIFIER	c.-3959G>C	.	1	0,86
PEKT02000007:2838986	G	A	PASS	B9J08_003941	upstream_gene_variant	MODIFIER	c.-3644C>T	.	1	0,74
PEKT02000007:2916588	C	T	PASS	B9J08_003977	upstream_gene_variant	MODIFIER	c.-4026G>A	.	1	0,96
PEKT02000007:2916652	A	T	PASS	B9J08_003977	upstream_gene_variant	MODIFIER	c.-4090T>A	.	1	0,75
PEKT02000007:2968733	T	G	PASS	B9J08_004002	upstream_gene_variant	MODIFIER	c.-426A>C	.	1	0,96
PEKT02000007:3069722	G	A	PASS	B9J08_004044	upstream_gene_variant	MODIFIER	c.-4926C>T	.	1	0,71
PEKT02000007:3106436	G	A	PASS	B9J08_004067	upstream_gene_variant	MODIFIER	c.-263G>A	.	1	0,69
PEKT02000007:3122661	T	C	PASS	B9J08_004080	missense_variant	MODERATE	c.5T>C	p.Val2Ala	1	0,102
PEKT02000007:3152979	C	A	PASS	B9J08_004089	upstream_gene_variant	MODIFIER	c.-4051G>T	.	1	0,75
PEKT02000007:3181144	A	T	PASS	B9J08_004098	upstream_gene_variant	MODIFIER	c.-3133T>A	.	1	0,73
PEKT02000010:58806	A	G	PASS	B9J08_004916	missense_variant	MODERATE	c.32A>G	p.Asp11Gly	1	0,87
PEKT02000010:99115	T	C	PASS	B9J08_004936	upstream_gene_variant	MODIFIER	c.-578A>G	.	1	0,79
PEKT02000010:138611	G	C	PASS	B9J08_004954	upstream_gene_variant	MODIFIER	c.-4492C>G	.	1	0,65
PEKT02000010:166664	G	C	PASS	B9J08_004968	missense_variant	MODERATE	c.71G>C	p.Arg24Pro	1	0,87
PEKT02000010:188217	T	C	PASS	B9J08_004976	upstream_gene_variant	MODIFIER	c.-3713A>G	.	1	0,86
PEKT02000010:188667	A	C	PASS	B9J08_004976	upstream_gene_variant	MODIFIER	c.-4163T>G	.	1	0,74
PEKT02000010:224299	T	A	PASS	B9J08_004993	upstream_gene_variant	MODIFIER	c.-2783A>T	.	1	0,77
PEKT02000010:228484	A	T	PASS	B9J08_004998	upstream_gene_variant	MODIFIER	c.-661T>A	.	1	0,95
PEKT02000010:258391	A	G	PASS	B9J08_005012	upstream_gene_variant	MODIFIER	c.-4569T>C	.	1	0,97
PEKT02000010:329400	A	T	PASS	B9J08_005045	upstream_gene_variant	MODIFIER	c.-3101T>A	.	1	0,73
PEKT02000010:365944	G	T	PASS	B9J08_005062	upstream_gene_variant	MODIFIER	c.-3373C>A	.	1	0,56
PEKT02000010:508798	G	C	PASS	B9J08_005127	upstream_gene_variant	MODIFIER	c.-4260C>G	.	1	0,48
PEKT02000010:516380	A	G	PASS	B9J08_005132	missense_variant	MODERATE	c.16T>C	p.Ser6Pro	1	0,70
PEKT02000010:580022	G	T	PASS	B9J08_005168	upstream_gene_variant	MODIFIER	c.-37C>A	.	1	0,58
PEKT02000010:581368	T	A	PASS	B9J08_005168	upstream_gene_variant	MODIFIER	c.-1383A>T	.	1	0,79
PEKT02000010:602694	T	G	PASS	B9J08_005179	upstream_gene_variant	MODIFIER	c.-2638A>C	.	1	0,73
PEKT02000010:634601	G	A	PASS	B9J08_005195	upstream_gene_variant	MODIFIER	c.-4138C>T	.	1	0,71
PEKT02000010:634992	T	C	PASS	B9J08_005195	upstream_gene_variant	MODIFIER	c.-4529A>G	.	1	0,82
PEKT02000010:714217	A	G	PASS	B9J08_005228	upstream_gene_variant	MODIFIER	c.-2230A>G	.	1	0,117
PEKT02000010:714284	T	A	PASS	B9J08_005228	upstream_gene_variant	MODIFIER	c.-2163T>A	.	1	14,63
PEKT02000010:714687	A	G	PASS	B9J08_005228	upstream_gene_variant	MODIFIER	c.-1760A>G	.	1	0,97
PEKT02000010:719894	A	G	PASS	B9J08_005227	upstream_gene_variant	MODIFIER	c.-3868T>C	.	1	2,40
PEKT02000010:760750	C	A	PASS	B9J08_005246	upstream_gene_variant	MODIFIER	c.-3995G>T	.	1	0,79
PEKT02000010:804467	A	T	PASS	B9J08_005267	missense_variant	MODERATE	c.273T>A	p.His91Gln	1	0,28
PEKT02000010:816622	T	C	PASS	B9J08_005271	upstream_gene_variant	MODIFIER	c.-2399A>G	.	1	0,70
PEKT02000010:827986	T	A	PASS	B9J08_005277	synonymous_variant	LOW	c.414A>T	p.Pro138Pro	1	0,76
PEKT02000010:895697	G	A	PASS	B9J08_005311	stop_gained	HIGH	c.1057C>T	p.Gln353*	1	0,81
PEKT02000010:910206	C	T	PASS	B9J08_005317	upstream_gene_variant	MODIFIER	c.-1443C>T	.	1	0,69
PEKT02000010:934450	C	A	PASS	B9J08_005326	upstream_gene_variant	MODIFIER	c.-3284G>T	.	1	0,70
PEKT02000010:979387	A	T	PASS	B9J08_005347	upstream_gene_variant	MODIFIER	c.-371A>T	.	1	0,93
PEKT02000010:1009910	T	C	PASS	B9J08_005358	upstream_gene_variant	MODIFIER	c.-4620A>G	.	1	0,76
PEKT02000010:1015465	T	C	PASS	B9J08_005361	upstream_gene_variant	MODIFIER	c.-71A>G	.	1	0,81
PEKT02000010:1074436	A	G	PASS	B9J08_005387	upstream_gene_variant	MODIFIER	c.-3063T>C	.	1	0,78
PEKT02000010:1080100	C	T	PASS	B9J08_005390	upstream_gene_variant	MODIFIER	c.-1663G>A	.	1	0,113
PEKT02000010:1080863	T	A	PASS	B9J08_005390	upstream_gene_variant	MODIFIER	c.-2426A>T	.	1	0,96
PEKT02000010:1141671	A	C	PASS	B9J08_005413	upstream_gene_variant	MODIFIER	c.-113T>G	.	1	0,101
PEKT02000010:1168188	G	A	PASS	B9J08_005425	upstream_gene_variant	MODIFIER	c.-2541C>T	.	1	0,58
PEKT02000010:1332508	C	T	PASS	B9J08_005505	upstream_gene_variant	MODIFIER	c.-3445G>A	.	1	0,85
PEKT02000010:1351664	A	C	PASS	B9J08_005512	upstream_gene_variant	MODIFIER	c.-3612T>G	.	1	0,73
PEKT02000010:1351665	T	A	PASS	B9J08_005512	upstream_gene_variant	MODIFIER	c.-3613A>T	.	1	0,73
PEKT02000010:1365259	C	G	PASS	B9J08_005518	upstream_gene_variant	MODIFIER	c.-2289G>C	.	1	0,70
PEKT02000002:15132	A	T	PASS	B9J08_000509	upstream_gene_variant	MODIFIER	c.-2217T>A	.	1	0,84
PEKT02000002:80604	C	T	PASS	B9J08_000534	upstream_gene_variant	MODIFIER	c.-3114G>A	.	1	0,41
PEKT02000002:124322	A	C	PASS	B9J08_000563	missense_variant	MODERATE	c.1655T>G	p.Ile552Ser	1	1,78
PEKT02000002:125040	G	A	PASS	B9J08_000563	missense_variant	MODERATE	c.937C>T	p.His313Tyr	1	0,87
PEKT02000002:163019	A	G	PASS	B9J08_000581	upstream_gene_variant	MODIFIER	c.-3213T>C	.	1	0,81
PEKT02000002:222636	T	C	PASS	B9J08_000610	synonymous_variant	LOW	c.3459A>G	p.Gln1153Gln	1	0,91
PEKT02000002:227554	G	C	PASS	B9J08_000610	upstream_gene_variant	MODIFIER	c.-1460C>G	.	1	0,90
PEKT02000002:265536	C	T	PASS	B9J08_000628	missense_variant	MODERATE	c.3005C>T	p.Ala1002Val	1	0,95
PEKT02000002:346877	C	T	PASS	B9J08_000671	upstream_gene_variant	MODIFIER	c.-4212G>A	.	1	0,68
PEKT02000002:360880	T	A	PASS	B9J08_000675	upstream_gene_variant	MODIFIER	c.-1084A>T	.	1	0,73
PEKT02000002:384284	C	T	PASS	B9J08_000687	missense_variant	MODERATE	c.2518G>A	p.Glu840Lys	1	0,73
PEKT02000002:403458	C	T	PASS	B9J08_000693	upstream_gene_variant	MODIFIER	c.-2490G>A	.	1	0,79
PEKT02000002:428421	T	C	PASS	B9J08_000704	upstream_gene_variant	MODIFIER	c.-1978A>G	.	1	1,98
PEKT02000002:557817	A	T	PASS	B9J08_000762	upstream_gene_variant	MODIFIER	c.-3813T>A	.	1	0,44
PEKT02000002:591632	G	C	PASS	B9J08_000777	upstream_gene_variant	MODIFIER	c.-450G>C	.	1	0,78
PEKT02000002:647279	G	A	PASS	B9J08_000798	downstream_gene_variant	MODIFIER	c.*4831G>A	.	1	3,27
PEKT02000002:756974	G	C	PASS	B9J08_000849	upstream_gene_variant	MODIFIER	c.-2047C>G	.	1	0,67
PEKT02000002:771751	T	C	PASS	B9J08_000857	upstream_gene_variant	MODIFIER	c.-1631A>G	.	1	0,68
PEKT02000002:773580	A	T	PASS	B9J08_000859	missense_variant	MODERATE	c.127A>T	p.Asn43Tyr	1	0,76
PEKT02000002:779962	C	T	PASS	B9J08_000861	upstream_gene_variant	MODIFIER	c.-2873G>A	.	1	0,43
PEKT02000002:785125	C	A	PASS	B9J08_000865	missense_variant	MODERATE	c.35C>A	p.Thr12Lys	1	0,57
PEKT02000002:1129825	C	T	PASS	B9J08_001016	missense_variant	MODERATE	c.1592G>A	p.Arg531Lys	1	0,88
PEKT02000002:1205552	A	C	PASS	B9J08_001048	upstream_gene_variant	MODIFIER	c.-216T>G	.	1	2,68
PEKT02000001:3296	T	G	PASS	B9J08_000001	upstream_gene_variant	MODIFIER	c.-66T>G	.	1	0,57
PEKT02000001:4952	G	A	PASS	B9J08_000002	upstream_gene_variant	MODIFIER	c.-1701G>A	.	1	0,73
PEKT02000001:97291	T	G	PASS	B9J08_000040	upstream_gene_variant	MODIFIER	c.-2199A>C	.	1	0,103
PEKT02000001:201256	T	C	PASS	B9J08_000092	missense_variant	MODERATE	c.4599A>G	p.Ile1533Met	1	0,120
PEKT02000001:279492	T	G	PASS	B9J08_000128	upstream_gene_variant	MODIFIER	c.-3294A>C	.	1	4,58
PEKT02000001:399173	C	T	PASS	B9J08_000183	upstream_gene_variant	MODIFIER	c.-826G>A	.	1	0,77
PEKT02000001:609998	A	T	PASS	B9J08_000294	upstream_gene_variant	MODIFIER	c.-3547T>A	.	1	0,99
PEKT02000001:648787	A	G	PASS	B9J08_000317	upstream_gene_variant	MODIFIER	c.-4099T>C	.	1	0,75
PEKT02000001:677741	G	A	PASS	B9J08_000332	upstream_gene_variant	MODIFIER	c.-3586C>T	.	1	0,94
PEKT02000001:744321	C	T	PASS	B9J08_000367	upstream_gene_variant	MODIFIER	c.-911G>A	.	1	0,99
PEKT02000001:790238	T	C	PASS	B9J08_000385	upstream_gene_variant	MODIFIER	c.-3089A>G	.	1	0,83
PEKT02000001:790465	A	T	PASS	B9J08_000385	upstream_gene_variant	MODIFIER	c.-3316T>A	.	1	2,15
PEKT02000001:872126	T	C	PASS	B9J08_000423	downstream_gene_variant	MODIFIER	c.*3124T>C	.	1	0,61
PEKT02000001:882823	G	A	PASS	B9J08_000425	upstream_gene_variant	MODIFIER	c.-2321C>T	.	1	0,80
PEKT02000001:894714	G	A	PASS	B9J08_000431	upstream_gene_variant	MODIFIER	c.-4146C>T	.	1	0,106
PEKT02000001:915707	C	A	PASS	B9J08_000439	upstream_gene_variant	MODIFIER	c.-1151C>A	.	1	0,68
PEKT02000001:949316	A	G	PASS	B9J08_000447	upstream_gene_variant	MODIFIER	c.-404T>C	.	1	0,67
PEKT02000001:954396	A	T	PASS	B9J08_000448	upstream_gene_variant	MODIFIER	c.-1431T>A	.	1	0,88
PEKT02000001:963653	T	A	PASS	B9J08_000450	upstream_gene_variant	MODIFIER	c.-4647A>T	.	1	0,85
PEKT02000001:997247	C	G	PASS	B9J08_000468	upstream_gene_variant	MODIFIER	c.-2531G>C	.	1	0,60
PEKT02000001:998174	C	G	PASS	B9J08_000468	upstream_gene_variant	MODIFIER	c.-3458G>C	.	1	0,81
PEKT02000001:1009846	G	T	PASS	B9J08_000474	upstream_gene_variant	MODIFIER	c.-422C>A	.	1	0,77
PEKT02000001:1046075	G	T	PASS	B9J08_000488	upstream_gene_variant	MODIFIER	c.-4340C>A	.	1	0,65
PEKT02000003:30386	G	A	PASS	B9J08_001075	missense_variant	MODERATE	c.4380G>A	p.Met1460Ile	1	0,80
PEKT02000003:67251	A	T	PASS	B9J08_001092	upstream_gene_variant	MODIFIER	c.-3174T>A	.	1	0,92
PEKT02000003:82967	A	T	PASS	B9J08_001101	upstream_gene_variant	MODIFIER	c.-3865T>A	.	1	0,81
PEKT02000003:133557	G	C	PASS	B9J08_001125	upstream_gene_variant	MODIFIER	c.-2903C>G	.	1	0,54
PEKT02000003:153703	T	C	PASS	B9J08_001133	upstream_gene_variant	MODIFIER	c.-2155A>G	.	1	0,85
PEKT02000003:186598	T	G	PASS	B9J08_001150	missense_variant	MODERATE	c.51T>G	p.Asp17Glu	1	0,100
PEKT02000003:195863	A	T	PASS	B9J08_001152	upstream_gene_variant	MODIFIER	c.-4744T>A	.	1	1,32
PEKT02000003:272044	G	T	PASS	B9J08_001192	upstream_gene_variant	MODIFIER	c.-124C>A	.	1	0,63
PEKT02000003:289258	T	C	PASS	B9J08_001197	upstream_gene_variant	MODIFIER	c.-4312A>G	.	1	0,32
PEKT02000003:326936	G	A	PASS	B9J08_001218	upstream_gene_variant	MODIFIER	c.-1535C>T	.	1	0,73
PEKT02000003:392151	C	G	PASS	B9J08_001251	missense_variant	MODERATE	c.17C>G	p.Ala6Gly	1	0,71
PEKT02000003:491846	G	C	PASS	B9J08_001294	upstream_gene_variant	MODIFIER	c.-3030C>G	.	1	0,79
PEKT02000003:571842	T	A	PASS	B9J08_001322	upstream_gene_variant	MODIFIER	c.-4924A>T	.	1	2,60
PEKT02000003:572488	T	A	PASS	B9J08_001323	upstream_gene_variant	MODIFIER	c.-4050A>T	.	1	0,12
PEKT02000003:576652	T	A	PASS	B9J08_001324	upstream_gene_variant	MODIFIER	c.-4836A>T	.	1	0,76
PEKT02000003:591021	A	C	PASS	B9J08_001333	upstream_gene_variant	MODIFIER	c.-4600T>G	.	1	0,67
PEKT02000003:670966	T	C	PASS	B9J08_001371	upstream_gene_variant	MODIFIER	c.-585A>G	.	1	0,60
PEKT02000003:724379	A	T	PASS	B9J08_001393	upstream_gene_variant	MODIFIER	c.-1620T>A	.	1	0,74
PEKT02000003:738866	A	G	PASS	B9J08_001402	upstream_gene_variant	MODIFIER	c.-3836T>C	.	1	0,58
PEKT02000003:790022	A	T	PASS	B9J08_001425	upstream_gene_variant	MODIFIER	c.-3374T>A	.	1	0,104
PEKT02000003:867669	C	T	PASS	B9J08_001459	upstream_gene_variant	MODIFIER	c.-300C>T	.	1	0,76
PEKT02000003:913173	C	G	PASS	B9J08_001476	missense_variant	MODERATE	c.1060G>C	p.Gly354Arg	1	0,73
PEKT02000003:913989	T	A	PASS	B9J08_001476	missense_variant	MODERATE	c.244A>T	p.Ile82Phe	1	0,76
PEKT02000003:916588	A	T	PASS	B9J08_001476	upstream_gene_variant	MODIFIER	c.-2356T>A	.	1	0,88
PEKT02000003:916591	T	A	PASS	B9J08_001476	upstream_gene_variant	MODIFIER	c.-2359A>T	.	1	0,89
PEKT02000003:916593	T	C	PASS	B9J08_001476	upstream_gene_variant	MODIFIER	c.-2361A>G	.	1	0,88
PEKT02000003:916596	A	T	PASS	B9J08_001476	upstream_gene_variant	MODIFIER	c.-2364T>A	.	1	0,87
PEKT02000003:1004171	A	T	PASS	B9J08_001515	upstream_gene_variant	MODIFIER	c.-817T>A	.	1	0,81
PEKT02000003:1009856	T	A	PASS	B9J08_001517	missense_variant	MODERATE	c.173T>A	p.Ile58Asn	1	0,73
PEKT02000003:1041089	A	G	PASS	B9J08_001527	upstream_gene_variant	MODIFIER	c.-3149T>C	.	1	1,69
PEKT02000009:75560	A	G	PASS	B9J08_004495	upstream_gene_variant	MODIFIER	c.-3957T>C	.	1	0,68
PEKT02000009:76529	A	C	PASS	B9J08_004495	upstream_gene_variant	MODIFIER	c.-4926T>G	.	1	0,83
PEKT02000009:193116	G	A	PASS	B9J08_004547	upstream_gene_variant	MODIFIER	c.-73G>A	.	1	0,61
PEKT02000009:285838	T	G	PASS	B9J08_004581	upstream_gene_variant	MODIFIER	c.-3815A>C	.	1	0,99
PEKT02000009:294585	C	A	PASS	B9J08_004585	upstream_gene_variant	MODIFIER	c.-101C>A	.	1	0,81
PEKT02000009:314078	A	G	PASS	B9J08_004594	missense_variant	MODERATE	c.43T>C	p.Tyr15His	1	0,95
PEKT02000009:327344	A	G	PASS	B9J08_004602	upstream_gene_variant	MODIFIER	c.-642A>G	.	1	0,68
PEKT02000009:391677	A	T	PASS	B9J08_004628	upstream_gene_variant	MODIFIER	c.-4963T>A	.	1	0,84
PEKT02000009:399106	T	A	PASS	B9J08_004633	upstream_gene_variant	MODIFIER	c.-182A>T	.	1	0,59
PEKT02000009:417349	A	T	PASS	B9J08_004638	upstream_gene_variant	MODIFIER	c.-3069T>A	.	1	0,72
PEKT02000009:417350	C	T	PASS	B9J08_004638	upstream_gene_variant	MODIFIER	c.-3070G>A	.	1	0,72
PEKT02000009:470053	C	T	PASS	B9J08_004660	upstream_gene_variant	MODIFIER	c.-4385G>A	.	1	0,81
PEKT02000009:521990	T	C	PASS	B9J08_004688	upstream_gene_variant	MODIFIER	c.-44A>G	.	1	0,57
PEKT02000009:525635	C	T	PASS	B9J08_004688	upstream_gene_variant	MODIFIER	c.-3689G>A	.	1	0,92
PEKT02000009:556579	G	A	PASS	B9J08_004704	upstream_gene_variant	MODIFIER	c.-3723C>T	.	1	0,12
PEKT02000009:584356	C	T	PASS	B9J08_004719	missense_variant	MODERATE	c.55C>T	p.Pro19Ser	1	0,76
PEKT02000009:590768	T	A	PASS	B9J08_004722	upstream_gene_variant	MODIFIER	c.-119T>A	.	1	0,71
PEKT02000009:713648	A	T	PASS	B9J08_004778	upstream_gene_variant	MODIFIER	c.-2592T>A	.	1	0,97
PEKT02000009:797444	C	G	PASS	B9J08_004812	upstream_gene_variant	MODIFIER	c.-99G>C	.	1	0,69
PEKT02000009:797715	A	T	PASS	B9J08_004813	missense_variant	MODERATE	c.69A>T	p.Lys23Asn	1	0,80
PEKT02000009:896475	T	C	PASS	B9J08_004855	upstream_gene_variant	MODIFIER	c.-4811A>G	.	1	0,64
PEKT02000009:941823	A	G	PASS	B9J08_004874	upstream_gene_variant	MODIFIER	c.-4852T>C	.	1	0,67
PEKT02000009:942005	T	C	PASS	B9J08_004875	upstream_gene_variant	MODIFIER	c.-250A>G	.	1	0,71
PEKT02000009:983545	T	A	PASS	B9J08_004892	upstream_gene_variant	MODIFIER	c.-704A>T	.	1	0,79
PEKT02000008:5739	G	T	PASS	B9J08_004104	missense_variant	MODERATE	c.29C>A	p.Ala10Glu	1	1,102
PEKT02000008:26453	T	C	PASS	B9J08_004109	missense_variant	MODERATE	c.2069T>C	p.Ile690Thr	1	0,100
PEKT02000008:41078	A	T	PASS	B9J08_004111	upstream_gene_variant	MODIFIER	c.-2198T>A	.	1	0,36
PEKT02000008:47934	C	A	PASS	B9J08_004112	upstream_gene_variant	MODIFIER	c.-1065G>T	.	1	0,90
PEKT02000008:64109	G	A	PASS	B9J08_004116	upstream_gene_variant	MODIFIER	c.-4187C>T	.	1	0,84
PEKT02000008:76557	A	G	PASS	B9J08_004123	upstream_gene_variant	MODIFIER	c.-2683T>C	.	1	0,89
PEKT02000008:172071	T	C	PASS	B9J08_004153	upstream_gene_variant	MODIFIER	c.-2857A>G	.	1	0,71
PEKT02000008:185877	A	C	PASS	B9J08_004161	synonymous_variant	LOW	c.870A>C	p.Thr290Thr	1	0,67
PEKT02000008:187008	C	T	PASS	B9J08_004160	upstream_gene_variant	MODIFIER	c.-3250G>A	.	1	0,104
PEKT02000008:205308	C	T	PASS	B9J08_004167	upstream_gene_variant	MODIFIER	c.-3990G>A	.	1	0,79
PEKT02000008:205433	T	G	PASS	B9J08_004167	upstream_gene_variant	MODIFIER	c.-4115A>C	.	1	0,59
PEKT02000008:219779	C	T	PASS	B9J08_004175	upstream_gene_variant	MODIFIER	c.-172C>T	.	1	0,79
PEKT02000008:239789	A	G	PASS	B9J08_004182	upstream_gene_variant	MODIFIER	c.-350T>C	.	1	0,76
PEKT02000008:245722	C	T	PASS	B9J08_004184	upstream_gene_variant	MODIFIER	c.-601G>A	.	1	0,89
PEKT02000008:267809	A	T	PASS	B9J08_004193	synonymous_variant	LOW	c.1185T>A	p.Pro395Pro	1	0,86
PEKT02000008:353083	C	T	PASS	B9J08_004234	downstream_gene_variant	MODIFIER	c.*341C>T	.	1	0,72
PEKT02000008:402671	C	A	PASS	B9J08_004254	missense_variant	MODERATE	c.601G>T	p.Gly201Cys	1	0,94
PEKT02000008:487428	C	T	PASS	B9J08_004293	upstream_gene_variant	MODIFIER	c.-290C>T	.	1	0,104
PEKT02000008:547822	T	C	PASS	B9J08_004317	upstream_gene_variant	MODIFIER	c.-235A>G	.	1	0,28
PEKT02000008:551934	A	C	PASS	B9J08_004317	upstream_gene_variant	MODIFIER	c.-4347T>G	.	1	0,77
PEKT02000008:572779	G	C	PASS	B9J08_004326	upstream_gene_variant	MODIFIER	c.-2626C>G	.	1	0,65
PEKT02000008:580253	A	G	PASS	B9J08_004332	upstream_gene_variant	MODIFIER	c.-630T>C	.	1	0,88
PEKT02000008:595255	T	G	PASS	B9J08_004337	upstream_gene_variant	MODIFIER	c.-3568A>C	.	1	0,76
PEKT02000008:598406	G	T	PASS	B9J08_004340	upstream_gene_variant	MODIFIER	c.-726G>T	.	1	0,70
PEKT02000008:612092	T	C	PASS	B9J08_004344	upstream_gene_variant	MODIFIER	c.-1069A>G	.	1	0,62
PEKT02000008:657542	T	G	PASS	B9J08_004367	upstream_gene_variant	MODIFIER	c.-4394A>C	.	1	0,82
PEKT02000008:675293	A	C	PASS	B9J08_004376	upstream_gene_variant	MODIFIER	c.-3961T>G	.	1	4,72
PEKT02000008:676572	T	C	PASS	B9J08_004377	upstream_gene_variant	MODIFIER	c.-2209A>G	.	1	0,66
PEKT02000008:780109	T	G	PASS	B9J08_004423	upstream_gene_variant	MODIFIER	c.-331A>C	.	1	0,93
PEKT02000008:815729	G	C	PASS	B9J08_004438	missense_variant	MODERATE	c.53C>G	p.Pro18Arg	1	0,80
PEKT02000008:820545	C	T	PASS	B9J08_004438	upstream_gene_variant	MODIFIER	c.-4764G>A	.	1	0,72
PEKT02000008:846415	A	T	PASS	B9J08_004448	upstream_gene_variant	MODIFIER	c.-4225T>A	.	1	0,65
PEKT02000008:847429	G	C	PASS	B9J08_004449	upstream_gene_variant	MODIFIER	c.-3202C>G	.	1	0,91
PEKT02000008:890353	G	A	PASS	B9J08_004466	upstream_gene_variant	MODIFIER	c.-1131C>T	.	1	0,63
PEKT02000004:28938	A	G	PASS	B9J08_001538	upstream_gene_variant	MODIFIER	c.-4212T>C	.	1	0,90
PEKT02000004:29418	A	T	PASS	B9J08_001538	upstream_gene_variant	MODIFIER	c.-4692T>A	.	1	0,94
PEKT02000004:44544	G	C	PASS	B9J08_001546	upstream_gene_variant	MODIFIER	c.-3189C>G	.	1	0,72
PEKT02000004:108414	A	G	PASS	B9J08_001574	upstream_gene_variant	MODIFIER	c.-1724T>C	.	1	0,71
PEKT02000004:172033	T	C	PASS	B9J08_001603	upstream_gene_variant	MODIFIER	c.-4576A>G	.	1	0,75
PEKT02000004:249828	G	T	PASS	B9J08_001644	upstream_gene_variant	MODIFIER	c.-2797C>A	.	1	2,76
PEKT02000004:261227	G	A	PASS	B9J08_001650	upstream_gene_variant	MODIFIER	c.-2798C>T	.	1	0,72
PEKT02000004:272373	G	A	PASS	B9J08_001658	synonymous_variant	LOW	c.1530C>T	p.Phe510Phe	1	0,104
PEKT02000004:283278	T	A	PASS	B9J08_001665	upstream_gene_variant	MODIFIER	c.-426T>A	.	1	0,92
PEKT02000004:386844	G	T	PASS	B9J08_001708	missense_variant	MODERATE	c.809C>A	p.Ala270Asp	1	0,88
PEKT02000004:570352	G	T	PASS	B9J08_001793	missense_variant	MODERATE	c.95C>A	p.Pro32Gln	1	1,72
PEKT02000004:658182	G	C	PASS	B9J08_001837	missense_variant	MODERATE	c.65G>C	p.Arg22Pro	1	0,105
PEKT02000004:690856	A	T	PASS	B9J08_001855	synonymous_variant	LOW	c.45T>A	p.Val15Val	1	0,70
PEKT02000004:696151	A	T	PASS	B9J08_001857	upstream_gene_variant	MODIFIER	c.-257T>A	.	1	0,46
PEKT02000004:767378	A	G	PASS	B9J08_001898	upstream_gene_variant	MODIFIER	c.-343T>C	.	1	0,74
PEKT02000004:820511	A	T	PASS	B9J08_001918	upstream_gene_variant	MODIFIER	c.-1163T>A	.	1	0,69
PEKT02000004:887133	G	C	PASS	B9J08_001945	upstream_gene_variant	MODIFIER	c.-4799C>G	.	1	0,31
PEKT02000006:27286	A	G	PASS	B9J08_002247	synonymous_variant	LOW	c.510T>C	p.Thr170Thr	1	0,80
PEKT02000006:27979	C	G	PASS	B9J08_002247	upstream_gene_variant	MODIFIER	c.-184G>C	.	1	0,94
PEKT02000006:33407	T	C	PASS	B9J08_002250	upstream_gene_variant	MODIFIER	c.-2708T>C	.	1	0,63
PEKT02000006:54366	C	T	PASS	B9J08_002255	upstream_gene_variant	MODIFIER	c.-4956G>A	.	1	1,46
PEKT02000006:67923	A	G	PASS	B9J08_002262	upstream_gene_variant	MODIFIER	c.-1518A>G	.	1	0,108
PEKT02000006:131810	C	A	PASS	B9J08_002291	upstream_gene_variant	MODIFIER	c.-719G>T	.	1	0,100
PEKT02000006:140722	G	A	PASS	B9J08_002294	upstream_gene_variant	MODIFIER	c.-3647C>T	.	1	0,63
PEKT02000006:269201	G	A	PASS	B9J08_002350	upstream_gene_variant	MODIFIER	c.-3191C>T	.	1	0,95
PEKT02000006:269259	T	C	PASS	B9J08_002350	upstream_gene_variant	MODIFIER	c.-3249A>G	.	1	0,102
PEKT02000006:270261	C	G	PASS	B9J08_002350	upstream_gene_variant	MODIFIER	c.-4251G>C	.	1	0,99
PEKT02000006:302677	C	A	PASS	B9J08_002363	upstream_gene_variant	MODIFIER	c.-2317G>T	.	1	0,75
PEKT02000006:362014	A	G	PASS	B9J08_002397	upstream_gene_variant	MODIFIER	c.-2383T>C	.	1	0,81
PEKT02000006:585211	G	A	PASS	B9J08_002492	missense_variant	MODERATE	c.889G>A	p.Gly297Ser	1	0,78
PEKT02000006:588241	C	A	PASS	B9J08_002493	upstream_gene_variant	MODIFIER	c.-912G>T	.	1	0,16
PEKT02000006:591320	A	G	PASS	B9J08_002494	missense_variant	MODERATE	c.26T>C	p.Val9Ala	1	0,72
PEKT02000006:591594	T	C	PASS	B9J08_002493	upstream_gene_variant	MODIFIER	c.-4265A>G	.	1	0,107
PEKT02000006:602625	T	C	PASS	B9J08_002498	upstream_gene_variant	MODIFIER	c.-1311A>G	.	1	0,70
PEKT02000006:629213	G	C	PASS	B9J08_002511	upstream_gene_variant	MODIFIER	c.-3040C>G	.	1	0,102
PEKT02000006:647743	T	C	PASS	B9J08_002523	upstream_gene_variant	MODIFIER	c.-146A>G	.	1	0,69
PEKT02000006:705605	A	T	PASS	B9J08_002545	upstream_gene_variant	MODIFIER	c.-2825T>A	.	1	0,43
PEKT02000006:716852	T	G	PASS	B9J08_002549	upstream_gene_variant	MODIFIER	c.-2923A>C	.	1	0,67
PEKT02000006:724018	C	A	PASS	B9J08_002557	missense_variant	MODERATE	c.13G>T	p.Val5Phe	1	1,92
PEKT02000006:761416	A	G	PASS	B9J08_002576	downstream_gene_variant	MODIFIER	c.*4329A>G	.	1	0,80
PEKT02000005:17633	C	A	PASS	B9J08_001948	upstream_gene_variant	MODIFIER	c.-309G>T	.	1	0,88
PEKT02000005:70531	T	A	PASS	B9J08_001972	upstream_gene_variant	MODIFIER	c.-114A>T	.	1	0,68
PEKT02000005:75077	T	A	PASS	B9J08_001974	missense_variant	MODERATE	c.12A>T	p.Gln4His	1	0,98
PEKT02000005:104138	C	A	PASS	B9J08_001989	upstream_gene_variant	MODIFIER	c.-1201G>T	.	1	0,93
PEKT02000005:117434	G	A	PASS	B9J08_001998	synonymous_variant	LOW	c.1386C>T	p.Gly462Gly	1	0,74
PEKT02000005:205857	A	G	PASS	B9J08_002041	missense_variant	MODERATE	c.6049A>G	p.Thr2017Ala	1	0,90
PEKT02000005:221370	T	G	PASS	B9J08_002043	upstream_gene_variant	MODIFIER	c.-70A>C	.	1	0,105
PEKT02000005:271780	A	G	PASS	B9J08_002071	upstream_gene_variant	MODIFIER	c.-1140T>C	.	1	0,71
PEKT02000005:308906	A	T	PASS	B9J08_002084	upstream_gene_variant	MODIFIER	c.-3446T>A	.	1	0,77
PEKT02000005:345042	A	G	PASS	B9J08_002104	upstream_gene_variant	MODIFIER	c.-4797T>C	.	1	0,79
PEKT02000005:566804	T	A	PASS	B9J08_002202	missense_variant	MODERATE	c.94T>A	p.Ser32Thr	1	0,77
PEKT02000005:566902	A	C	PASS	B9J08_002202	missense_variant	MODERATE	c.192A>C	p.Lys64Asn	1	0,91
PEKT02000005:585074	T	A	PASS	B9J08_002210	upstream_gene_variant	MODIFIER	c.-4023A>T	.	1	0,51
PEKT02000005:613215	C	G	PASS	B9J08_002226	synonymous_variant	LOW	c.21G>C	p.Pro7Pro	1	0,93
PEKT02000012:13824	G	A	PASS	B9J08_005550	upstream_gene_variant	MODIFIER	c.-654C>T	.	1	0,89
PEKT02000012:27366	G	T	PASS	B9J08_005554	upstream_gene_variant	MODIFIER	c.-1387G>T	.	1	0,77
PEKT02000012:31455	C	T	PASS	B9J08_005555	missense_variant	MODERATE	c.152C>T	p.Ala51Val	1	0,77
PEKT02000013:11093	C	A	PASS	B9J08_005570	missense_variant	MODERATE	c.1006G>T	p.Gly336Trp	1	1,71
